"date","gdp_billions_dolar","gdp_per_capita_dolar","annual_gdp_percent_change","country","healthcare_per_capita_dolar","healthcare_per_cent_gdp","population","annual_percent_change","life_expectancy_birth_years","annual_change","obs"
"2000-12-31",197.2896255,24625.6007,3.3757,"austria",2269.1265,9.2037,8010428,0.24,78.086,0.36,20
"2001-12-31",197.5087732,24558.7637,1.2672,"austria",2282.5159,9.2694,8039626,0.36,78.364,0.36,20
"2002-12-31",214.3948667,26527.5931,1.6516,"austria",2497.866,9.3948,8078992,0.49,78.642,0.35,20
"2003-12-31",262.2736312,32294.0489,0.9415,"austria",3091.2402,9.5472,8120104,0.51,78.92,0.35,20
"2004-12-31",301.457562,36889.2335,2.7351,"austria",3594.6504,9.7094,8171217,0.63,79.162,0.31,20
"2005-12-31",316.0922733,38417.4578,2.2441,"austria",3710.3979,9.627,8227034,0.68,79.404,0.31,20
"2006-12-31",336.2800643,40669.327,3.454,"austria",3882.9819,9.5311,8267763,0.5,79.646,0.3,20
"2007-12-31",389.1855715,46915.3374,3.7274,"austria",4478.7686,9.5321,8294722,0.33,79.888,0.3,20
"2008-12-31",432.0519356,51919.9836,1.4604,"austria",5057.7607,9.7256,8321131,0.32,80.13,0.3,20
"2009-12-31",401.7587358,48153.324,-3.7646,"austria",4928.9878,10.2258,8342935,0.26,80.302,0.21,20
"2010-12-31",392.2751073,46903.7616,1.8371,"austria",4800.7935,10.221,8362829,0.24,80.474,0.21,20
"2011-12-31",431.6852174,51442.2762,2.9228,"austria",5167.8179,10.0261,8391200,0.34,80.646,0.21,20
"2012-12-31",409.4018161,48564.9173,0.6804,"austria",4966.0957,10.1992,8429637,0.46,80.818,0.21,20
"2013-12-31",430.1909797,50731.1273,0.0255,"austria",5235.3413,10.2857,8479539,0.59,80.99,0.21,20
"2014-12-31",442.5848153,51786.3772,0.6613,"austria",5393.6021,10.3681,8546066,0.78,81.062,0.09,20
"2015-12-31",381.9711485,44195.8176,1.0145,"austria",4612.8242,10.3675,8642421,1.13,81.134,0.09,20
"2016-12-31",395.837353,45307.5879,1.9894,"austria",4709.876,10.3523,8736487,1.09,81.206,0.09,20
"2017-12-31",417.2611518,47429.1585,2.2586,"austria",4938.9199,10.3846,8797496,0.7,81.278,0.09,20
"2018-12-31",455.1681519,51486.5755,2.5016,"austria",5322.2627,10.3175,8840513,0.49,81.35,0.09,20
"2019-12-31",445.0118727,50114.4011,1.4912,"austria",5242.1831,10.434,8879940,0.45,81.49,0.17,20
"2000-12-31",12.73685683,1276.288,5.8,"belarus",57.6682,5.2761,10256483,-0.5,67.596,0.12,20
"2001-12-31",12.35482014,1244.3732,4.7253,"belarus",74.3364,5.7083,10201209,-0.54,67.674,0.12,20
"2002-12-31",14.59424902,1479.3146,5.0453,"belarus",87.084,5.6233,10135388,-0.65,67.752,0.12,20
"2003-12-31",17.82779132,1819.7661,7.0432,"belarus",109.8769,5.7698,10065878,-0.69,67.83,0.12,20
"2004-12-31",23.14435185,2378.6233,11.4497,"belarus",142.748,5.7371,9999712,-0.66,68.116,0.42,20
"2005-12-31",30.20756732,3125.8105,9.4,"belarus",198.3074,6.0704,9935163,-0.65,68.402,0.42,20
"2006-12-31",36.95431235,3847.4341,10,"belarus",223.8312,5.5738,9874700,-0.61,68.688,0.42,20
"2007-12-31",45.27739981,4735.6576,8.6,"belarus",281.0776,5.692,9825986,-0.49,68.974,0.42,20
"2008-12-31",60.76348315,6377.3697,10.2,"belarus",351.728,5.2942,9787826,-0.39,69.26,0.41,20
"2009-12-31",50.87407805,5352.5839,0.2,"belarus",290.7015,5.3904,9757708,-0.31,69.898,0.92,20
"2010-12-31",57.22249077,6033.6862,7.7983,"belarus",343.6791,5.6569,9731427,-0.27,70.536,0.91,20
"2011-12-31",61.75778894,6527.1739,5.3787,"belarus",319.7537,4.8744,9706981,-0.25,71.174,0.9,20
"2012-12-31",65.68510255,6953.1325,1.6871,"belarus",365.8749,5.2453,9693749,-0.14,71.812,0.9,20
"2013-12-31",75.52798423,7998.1252,1.0035,"belarus",456.4917,5.6956,9691137,-0.03,72.45,0.89,20
"2014-12-31",78.81383998,8341.3997,1.7264,"belarus",450.2226,5.3879,9693739,0.03,72.858,0.56,20
"2015-12-31",56.4547344,5967.0522,-3.8296,"belarus",362.7528,6.0653,9700609,0.07,73.266,0.56,20
"2016-12-31",47.72265782,5039.6819,-2.5264,"belarus",298.6266,5.9105,9708110,0.08,73.674,0.56,20
"2017-12-31",54.72659525,5785.6707,2.5322,"belarus",333.5411,5.7597,9707876,0,74.082,0.55,20
"2018-12-31",60.03126227,6360.0625,3.1492,"belarus",351.0068,5.527,9695574,-0.13,74.49,0.55,20
"2019-12-31",64.40964719,6837.7178,1.4,"belarus",399.3971,5.8613,9673971,-0.22,74.632,0.19,20
"2000-12-31",236.7924603,23098.8865,3.7167,"belgium",1849.916,7.9992,10264343,0.39,77.786,0.26,20
"2001-12-31",236.7461416,23015.0713,1.0996,"belgium",1879.9348,8.1499,10309255,0.44,77.984,0.25,20
"2002-12-31",258.3835994,25006.1914,1.7069,"belgium",2084.72,8.3182,10355568,0.45,78.182,0.25,20
"2003-12-31",318.0825285,30655.2093,1.038,"belgium",2828.3335,9.2082,10402550,0.45,78.38,0.25,20
"2004-12-31",369.2147124,35429.4078,3.5712,"belgium",3326.6372,9.3672,10456163,0.52,78.618,0.3,20
"2005-12-31",385.7147622,36809.7013,2.3217,"belgium",3419.6931,9.2611,10516978,0.58,78.856,0.3,20
"2006-12-31",408.2598409,38705.1068,2.5523,"belgium",3558.1213,9.161,10582975,0.63,79.094,0.3,20
"2007-12-31",470.9221563,44319.1654,3.6769,"belgium",4078.147,9.1661,10653697,0.67,79.332,0.3,20
"2008-12-31",517.3280879,48303.398,0.4469,"belgium",4670.4229,9.63,10726716,0.69,79.57,0.3,20
"2009-12-31",483.2541711,44760.2912,-2.0207,"belgium",4653.4365,10.3546,10801356,0.7,79.76,0.24,20
"2010-12-31",481.4208829,44184.9464,2.8643,"belgium",4544.7798,10.2332,10877947,0.71,79.95,0.24,20
"2011-12-31",523.3303541,47410.5669,1.6945,"belgium",4943.7969,10.3921,10955743,0.72,80.14,0.24,20
"2012-12-31",496.1528799,44670.5607,0.7392,"belgium",4706.4702,10.5065,11031139,0.69,80.33,0.24,20
"2013-12-31",521.7910152,46757.9519,0.4592,"belgium",4947.7695,10.5613,11103257,0.65,80.52,0.24,20
"2014-12-31",535.3902001,47764.0715,1.5785,"belgium",5072.9507,10.5941,11176723,0.66,80.694,0.22,20
"2015-12-31",462.3355748,41008.2967,2.0415,"belgium",4291.4897,10.4307,11248303,0.64,80.868,0.22,20
"2016-12-31",476.0627574,42012.6227,1.2667,"belgium",4534.23,10.7732,11316836,0.61,81.042,0.22,20
"2017-12-31",502.7647206,44198.4824,1.6196,"belgium",4775.8125,10.7831,11384489,0.6,81.216,0.21,20
"2018-12-31",543.347368,47549.208,1.8439,"belgium",5134.4146,10.7647,11448595,0.56,81.39,0.21,20
"2019-12-31",535.3762581,46599.1113,2.1115,"belgium",4960.3936,10.656,11510568,0.54,81.546,0.19,20
"2000-12-31",13.24583384,1621.243,4.5872,"bulgaria",94.4975,5.8297,8097691,-0.79,71.462,0.35,20
"2001-12-31",14.18349796,1770.9135,3.8237,"bulgaria",119.83,6.8596,8034860,-0.78,71.708,0.34,20
"2002-12-31",16.40284641,2092.9577,5.8719,"bulgaria",148.1479,7.081,7974810,-0.75,71.954,0.34,20
"2003-12-31",21.14498355,2719.4977,5.2372,"bulgaria",195.7437,7.1999,7917739,-0.72,72.2,0.34,20
"2004-12-31",26.15789474,3389.707,6.5104,"bulgaria",233.1133,6.8909,7865316,-0.66,72.388,0.26,20
"2005-12-31",29.8692834,3899.9076,7.0563,"bulgaria",267.7414,6.8901,7815221,-0.64,72.576,0.26,20
"2006-12-31",34.37980889,4523.0508,6.8026,"bulgaria",294.1089,6.5254,7766036,-0.63,72.764,0.26,20
"2007-12-31",44.40510147,5885.1043,6.5914,"bulgaria",361.235,6.1604,7719035,-0.61,72.952,0.26,20
"2008-12-31",54.43896642,7265.7355,6.116,"bulgaria",455.5406,6.2877,7674913,-0.57,73.14,0.26,20
"2009-12-31",52.02350466,6988.2333,-3.2719,"bulgaria",459.3002,6.5958,7634735,-0.52,73.362,0.3,20
"2010-12-31",50.68206105,6853.0029,1.5418,"bulgaria",484.7523,7.138,7592273,-0.56,73.584,0.3,20
"2011-12-31",57.67824102,7849.1653,2.1012,"bulgaria",555.8642,7.1388,7543130,-0.65,73.806,0.3,20
"2012-12-31",54.30085742,7432.4788,0.7549,"bulgaria",558.6479,7.5761,7488344,-0.73,74.028,0.3,20
"2013-12-31",55.81013844,7681.9346,-0.5605,"bulgaria",547.4548,7.1677,7431167,-0.76,74.25,0.3,20
"2014-12-31",57.08201126,7901.7859,0.9669,"bulgaria",605.2589,7.7071,7372141,-0.79,74.37,0.16,20
"2015-12-31",50.78199671,7074.681,3.4281,"bulgaria",521.4191,7.4109,7309253,-0.85,74.49,0.16,20
"2016-12-31",53.95389762,7569.4788,3.0398,"bulgaria",562.3408,7.4769,7245975,-0.87,74.61,0.16,20
"2017-12-31",59.19944742,8366.2932,2.7622,"bulgaria",624.525,7.5206,7182428,-0.88,74.73,0.16,20
"2018-12-31",66.36342245,9446.7008,2.6846,"bulgaria",689.9054,7.3434,7117431,-0.9,74.85,0.16,20
"2019-12-31",68.91541614,9879.2685,4.0376,"bulgaria",697.8964,7.1261,7052532,-0.91,74.978,0.17,20
"2000-12-31",21.83978097,4887.7137,2.8955,"croatia",371.0621,7.7145,4548434,-1.24,74.718,0.1,20
"2001-12-31",23.27364026,5412.9251,3.0325,"croatia",388.3249,7.235,4506759,-0.92,74.792,0.1,20
"2002-12-31",27.07455026,6293.2253,5.7221,"croatia",386.4441,6.2051,4482868,-0.53,74.866,0.1,20
"2003-12-31",34.98574988,8129.7946,5.5259,"croatia",512.1521,6.3576,4461139,-0.48,74.94,0.1,20
"2004-12-31",41.95883354,9747.4408,4.1493,"croatia",634.6203,6.5705,4443350,-0.4,75.17,0.31,20
"2005-12-31",45.78023726,10621.5075,4.3124,"croatia",727.131,6.9079,4429681,-0.31,75.4,0.31,20
"2006-12-31",50.86078825,11797.4745,4.9384,"croatia",816.017,6.9791,4417560,-0.27,75.63,0.31,20
"2007-12-31",60.5426735,14046.3168,4.9128,"croatia",1041.0344,7.4751,4405532,-0.27,75.86,0.3,20
"2008-12-31",70.75064625,16416.5868,1.8954,"croatia",1258.8724,7.7287,4393664,-0.27,76.09,0.3,20
"2009-12-31",63.08400471,14653.0436,-7.2817,"croatia",1187.5453,8.1758,4382130,-0.26,76.362,0.36,20
"2010-12-31",60.42601863,14067.5231,-1.2507,"croatia",1126.3737,8.0887,4368682,-0.31,76.634,0.36,20
"2011-12-31",63.16991082,14757.1803,-0.0852,"croatia",1132.4989,7.7685,4351842,-0.39,76.906,0.35,20
"2012-12-31",57.19234692,13401.6566,-2.2757,"croatia",1029.9712,7.7838,4331595,-0.47,77.178,0.35,20
"2013-12-31",58.88908232,13837.7316,-0.3631,"croatia",889.9445,6.518,4308854,-0.53,77.45,0.35,20
"2014-12-31",58.33028976,13762.3729,-0.3459,"croatia",909.3716,6.7001,4283972,-0.58,77.61,0.21,20
"2015-12-31",50.16319288,11933.3774,2.5257,"croatia",795.5208,6.787,4254815,-0.68,77.77,0.21,20
"2016-12-31",52.29515834,12527.7399,3.5324,"croatia",840.905,6.8292,4223751,-0.73,77.93,0.21,20
"2017-12-31",56.21442743,13629.2896,3.4141,"croatia",902.6252,6.7584,4192467,-0.74,78.09,0.21,20
"2018-12-31",62.24787495,15227.5601,2.9,"croatia",1014.2224,6.7843,4160485,-0.76,78.25,0.2,20
"2019-12-31",62.24620634,15311.7669,3.4819,"croatia",1040.0857,6.9786,4129752,-0.74,78.404,0.2,20
"2000-12-31",164.1587391,30743.5477,3.7469,"denmark",2496.0471,8.1044,5340655,0.39,76.62,0.31,20
"2001-12-31",164.7914425,30751.6543,0.8232,"denmark",2602.6428,8.4483,5360748,0.38,76.86,0.31,20
"2002-12-31",178.6351637,33228.6935,0.4663,"denmark",2895.8074,8.7025,5378697,0.33,77.1,0.31,20
"2003-12-31",218.0960335,40458.7774,0.3901,"denmark",3607.043,8.9036,5396355,0.33,77.34,0.31,20
"2004-12-31",251.373003,46511.5983,2.6682,"denmark",4194.8735,9.0074,5415586,0.36,77.588,0.32,20
"2005-12-31",264.4673365,48799.8256,2.3366,"denmark",4442.7554,9.0906,5436313,0.38,77.836,0.32,20
"2006-12-31",282.8849477,52026.9995,3.913,"denmark",4778.8916,9.1688,5457864,0.4,78.084,0.32,20
"2007-12-31",319.4234245,58487.055,0.9092,"denmark",5468.3794,9.3252,5479722,0.4,78.332,0.32,20
"2008-12-31",353.3610388,64322.0635,-0.512,"denmark",6137.7764,9.5113,5502751,0.42,78.58,0.32,20
"2009-12-31",321.2413037,58163.2769,-4.9065,"denmark",6221.689,10.6743,5526452,0.43,78.892,0.4,20
"2010-12-31",321.9952794,58041.3984,1.871,"denmark",6011.5381,10.3332,5550849,0.44,79.204,0.4,20
"2011-12-31",344.0031376,61753.6471,1.3368,"denmark",6281.0044,10.1529,5576016,0.45,79.516,0.39,20
"2012-12-31",327.1489438,58507.5081,0.2265,"denmark",6003.8306,10.2414,5600959,0.45,79.828,0.39,20
"2013-12-31",343.5843916,61191.1937,0.9333,"denmark",6236.5542,10.1696,5625385,0.44,80.14,0.39,20
"2014-12-31",352.9936316,62548.9847,1.6194,"denmark",6380.7847,10.1719,5650653,0.45,80.248,0.13,20
"2015-12-31",302.6730708,53254.8564,2.3426,"denmark",5469.335,10.2272,5677796,0.48,80.356,0.13,20
"2016-12-31",313.1159293,54663.9984,3.246,"denmark",5565.5933,10.1446,5706857,0.51,80.464,0.13,20
"2017-12-31",332.1210638,57610.0982,2.8217,"denmark",5800.1528,10.0396,5737284,0.53,80.572,0.13,20
"2018-12-31",356.8412164,61591.9289,1.9895,"denmark",6216.7686,10.0707,5766686,0.51,80.68,0.13,20
"2019-12-31",347.5613492,59775.7351,2.1147,"denmark",6003.3252,9.9558,5795878,0.51,80.824,0.18,20
"2000-12-31",5.686579748,4070.609,10.0876,"estonia",209.7131,5.157,1396877,-0.47,70.3,0.62,20
"2001-12-31",6.254649539,4505.8583,6.0037,"estonia",214.7041,4.7771,1387995,-0.64,70.73,0.61,20
"2002-12-31",7.367975888,5341.6289,6.7714,"estonia",250.4802,4.7004,1379240,-0.63,71.16,0.61,20
"2003-12-31",9.874013098,7203.523,7.6003,"estonia",349.058,4.8596,1370660,-0.62,71.59,0.6,20
"2004-12-31",12.1459118,8914.1036,6.804,"estonia",455.0681,5.1196,1362480,-0.6,72.028,0.61,20
"2005-12-31",14.1067902,10412.6443,9.5264,"estonia",524.6801,5.058,1354662,-0.57,72.466,0.61,20
"2006-12-31",17.02287041,12639.4001,9.7656,"estonia",600.5079,4.7653,1346709,-0.59,72.904,0.6,20
"2007-12-31",22.44912948,16744.5845,7.5791,"estonia",832.7331,4.9833,1340574,-0.46,73.342,0.6,20
"2008-12-31",24.34167863,18204.9665,-5.132,"estonia",1038.5623,5.7103,1337011,-0.27,73.78,0.6,20
"2009-12-31",19.6330314,14711.7353,-14.6291,"estonia",963.0197,6.5122,1334552,-0.18,74.376,0.81,20
"2010-12-31",19.52347733,14663.0446,2.4443,"estonia",926.4542,6.2712,1331535,-0.23,74.972,0.8,20
"2011-12-31",23.21399409,17487.8048,7.2631,"estonia",1015.9683,5.7668,1327429,-0.31,75.568,0.79,20
"2012-12-31",23.01915007,17403.2053,3.2282,"estonia",1013.3142,5.7903,1322682,-0.36,76.164,0.79,20
"2013-12-31",25.11575337,19056.0019,1.4584,"estonia",1144.6469,5.9779,1317982,-0.36,76.76,0.78,20
"2014-12-31",26.63408397,20261.0667,3.0114,"estonia",1238.927,6.0808,1314526,-0.26,77.1,0.44,20
"2015-12-31",22.89076209,17402.0376,1.853,"estonia",1112.9141,6.3463,1314657,0.01,77.44,0.44,20
"2016-12-31",24.07282928,18295.3429,3.1556,"estonia",1186.1028,6.4296,1315926,0.1,77.78,0.44,20
"2017-12-31",26.9243851,20437.7654,5.792,"estonia",1350.3806,6.5918,1317549,0.12,78.12,0.44,20
"2018-12-31",30.4895009,23063.5638,4.1338,"estonia",1552.6324,6.6864,1322148,0.35,78.46,0.44,20
"2019-12-31",31.04559175,23397.8783,4.0963,"estonia",1598.8188,6.7304,1327039,0.37,78.604,0.18,20
"2000-12-31",126.0195434,24345.9148,5.7734,"finland",1722.8326,7.0925,5176209,0.21,77.644,0.33,20
"2001-12-31",129.5331073,24967.7925,2.61,"finland",1806.0502,7.2509,5188002,0.23,77.896,0.32,20
"2002-12-31",140.4044602,26997.753,1.7071,"finland",2054.2629,7.6277,5200596,0.24,78.148,0.32,20
"2003-12-31",171.6524583,32927.6803,2.0038,"finland",2606.7759,7.9381,5212989,0.24,78.4,0.32,20
"2004-12-31",197.479444,37772.1781,3.9921,"finland",3035.9788,8.0591,5228141,0.29,78.628,0.29,20
"2005-12-31",204.8854947,39054.8504,2.7799,"finland",3228.9521,8.288,5246071,0.34,78.856,0.29,20
"2006-12-31",217.0892698,41222.602,4.0274,"finland",3407.6655,8.2841,5266251,0.38,79.084,0.29,20
"2007-12-31",256.3780678,48476.3927,5.2993,"finland",3911.9658,8.0836,5288689,0.43,79.312,0.29,20
"2008-12-31",285.7163111,53772.7942,0.784,"finland",4481.2168,8.3431,5313350,0.47,79.54,0.29,20
"2009-12-31",253.4975208,47481.4845,-8.0744,"finland",4347.1216,9.1612,5338815,0.48,79.772,0.29,20
"2010-12-31",249.4243108,46505.3032,3.186,"finland",4249.6021,9.142,5363271,0.46,80.004,0.29,20
"2011-12-31",275.6043562,51148.9316,2.5477,"finland",4715.9351,9.223,5388166,0.46,80.236,0.29,20
"2012-12-31",258.2900602,47708.0613,-1.3975,"finland",4572.5234,9.5858,5413859,0.48,80.468,0.29,20
"2013-12-31",271.3624059,49892.2234,-0.9017,"finland",4892.0972,9.8053,5438872,0.46,80.7,0.29,20
"2014-12-31",274.8628268,50327.2403,-0.3649,"finland",4922.6758,9.7812,5461440,0.41,80.888,0.23,20
"2015-12-31",234.5343824,42801.9081,0.5437,"finland",4127.1499,9.6452,5479461,0.33,81.076,0.23,20
"2016-12-31",240.7713513,43814.0265,2.8115,"finland",4107.063,9.378,5495219,0.29,81.264,0.23,20
"2017-12-31",255.6479799,46412.1365,3.1924,"finland",4233.4683,9.1267,5508140,0.24,81.452,0.23,20
"2018-12-31",275.7150875,49988.9108,1.1419,"finland",4515.6772,9.0361,5515461,0.13,81.64,0.23,20
"2019-12-31",268.5082001,48628.6418,1.2208,"finland",4450.3027,9.1535,5521537,0.11,81.808,0.21,20
"2000-12-31",1365.639661,22419.6948,3.9237,"france",2161.853,9.5845,58665453,0.54,78.91,0.29,20
"2001-12-31",1377.657339,22452.9824,1.9837,"france",2192.7158,9.7056,59014772,0.6,79.14,0.29,20
"2002-12-31",1501.409383,24292.5802,1.1355,"france",2449.7583,10.0222,59372786,0.61,79.37,0.29,20
"2003-12-31",1844.544792,29633.679,0.8232,"france",3006.3059,10.0828,59728262,0.6,79.6,0.29,20
"2004-12-31",2119.633182,33803.3096,2.8298,"france",3458.6274,10.1643,60108438,0.64,79.87,0.34,20
"2005-12-31",2196.945232,34773.1501,1.6632,"france",3575.0251,10.2148,60510079,0.67,80.14,0.34,20
"2006-12-31",2320.536221,36474.1596,2.4493,"france",3811.5518,10.3857,60919150,0.68,80.41,0.34,20
"2007-12-31",2660.591246,41561.2005,2.4247,"france",4312.3105,10.3156,61329376,0.67,80.68,0.34,20
"2008-12-31",2930.303781,45519.2969,0.2549,"france",4807.3745,10.5008,61721009,0.64,80.95,0.33,20
"2009-12-31",2700.887367,41740.243,-2.8733,"france",4737.5781,11.2876,62093296,0.6,81.148,0.24,20
"2010-12-31",2645.187882,40677.9851,1.9494,"france",4592.3833,11.2256,62444567,0.57,81.346,0.24,20
"2011-12-31",2865.157542,43848.1061,2.1927,"france",4931.8779,11.185,62775268,0.53,81.544,0.24,20
"2012-12-31",2683.671717,40872.3625,0.3131,"france",4644.5957,11.2974,63071416,0.47,81.742,0.24,20
"2013-12-31",2811.876903,42605.0444,0.5763,"france",4893.4761,11.4164,63335180,0.42,81.94,0.24,20
"2014-12-31",2855.964489,43068.5487,0.9562,"france",4982.9912,11.5444,63588491,0.4,82.044,0.13,20
"2015-12-31",2439.188643,36652.9223,1.1129,"france",4201.5557,11.4476,63809769,0.35,82.148,0.13,20
"2016-12-31",2472.964345,37062.5336,1.0955,"france",4257.1499,11.4716,63989319,0.28,82.252,0.13,20
"2017-12-31",2595.151045,38781.0495,2.2914,"france",4402.0796,11.3328,64144086,0.24,82.356,0.13,20
"2018-12-31",2790.956879,41592.7959,1.8651,"france",4657.7529,11.1858,64277808,0.21,82.46,0.13,20
"2019-12-31",2728.870247,40578.6443,1.843,"france",4491.7354,11.0575,64399759,0.19,82.594,0.16,20
"2000-12-31",1947.981991,23694.7605,2.9125,"germany",2344.3547,9.8882,81551677,-0.01,77.834,0.34,20
"2001-12-31",1945.790974,23628.3272,1.6815,"germany",2346.615,9.9205,81514568,-0.05,78.096,0.34,20
"2002-12-31",2078.484517,25197.2656,-0.198,"germany",2567.5029,10.1837,81443427,-0.09,78.358,0.34,20
"2003-12-31",2501.640388,30310.3576,-0.7001,"germany",3152.7942,10.402,81346810,-0.12,78.62,0.33,20
"2004-12-31",2814.353869,34106.6581,1.1751,"germany",3459.825,10.146,81266673,-0.1,78.842,0.28,20
"2005-12-31",2846.864211,34520.2396,0.7317,"germany",3558.2134,10.3115,81212168,-0.07,79.064,0.28,20
"2006-12-31",2994.703642,36353.8803,3.8164,"germany",3697.9216,10.1796,81177817,-0.04,79.286,0.28,20
"2007-12-31",3425.578383,41640.0809,2.9765,"germany",4182.7993,10.051,81183830,0.01,79.508,0.28,20
"2008-12-31",3745.264094,45612.7106,0.9599,"germany",4669.6533,10.2511,81217482,0.04,79.73,0.28,20
"2009-12-31",3411.261213,41650.3678,-5.6938,"germany",4674.7832,11.2376,81260615,0.05,79.872,0.18,20
"2010-12-31",3399.66782,41572.4559,4.1799,"germany",4611.2759,11.0956,81325090,0.08,80.014,0.18,20
"2011-12-31",3749.314991,46705.8958,3.9252,"germany",5037.3701,10.7782,81423378,0.12,80.156,0.18,20
"2012-12-31",3527.143189,43855.8545,0.4185,"germany",4765.583,10.8532,81545565,0.15,80.298,0.18,20
"2013-12-31",3733.80465,46298.9229,0.4376,"germany",5099.6411,10.998,81680591,0.17,80.44,0.18,20
"2014-12-31",3889.093051,48023.87,2.2095,"germany",5307.082,11.0216,81858825,0.22,80.572,0.16,20
"2015-12-31",3357.585719,41103.2564,1.4919,"germany",4624.5566,11.1837,82073226,0.26,80.704,0.16,20
"2016-12-31",3469.853464,42136.1208,2.23,"germany",4744.2295,11.2356,82331423,0.31,80.836,0.16,20
"2017-12-31",3690.849153,44652.5892,2.6802,"germany",5055.8213,11.3294,82624374,0.36,80.968,0.16,20
"2018-12-31",3977.289455,47973.6076,1.086,"germany",5481.9873,11.4504,82896696,0.33,81.1,0.16,20
"2019-12-31",3888.326789,46794.8993,1.0555,"germany",5440.2515,11.6972,83148141,0.3,81.256,0.19,20
"2000-12-31",130.4577566,12072.9294,3.9198,"greece",885.4104,7.2433,11038109,0.4,78.496,0.27,20
"2001-12-31",136.3092952,12549.0369,4.1316,"greece",1004.8154,7.9878,11072182,0.31,78.704,0.26,20
"2002-12-31",154.5642036,14177.5722,3.9229,"greece",1168.8241,8.2338,11096617,0.22,78.912,0.26,20
"2003-12-31",202.3701402,18518.3788,5.7945,"greece",1566.4098,8.4492,11110487,0.12,79.12,0.26,20
"2004-12-31",240.9635622,21995.4779,5.061,"greece",1782.6959,8.0939,11115091,0.04,79.298,0.22,20
"2005-12-31",247.8754222,22560.1473,0.5991,"greece",1935.2676,8.5647,11113448,-0.01,79.476,0.22,20
"2006-12-31",273.5467285,24821.9367,5.6524,"greece",2052.8755,8.2587,11106093,-0.07,79.654,0.22,20
"2007-12-31",318.9028296,28863.9733,3.2737,"greece",2426.7595,8.3981,11091493,-0.13,79.832,0.22,20
"2008-12-31",355.9086895,32127.9832,-0.3352,"greece",2840.5085,8.8277,11073623,-0.16,80.01,0.22,20
"2009-12-31",331.3085003,29828.756,-4.3007,"greece",2809.0596,9.4069,11055496,-0.16,80.224,0.27,20
"2010-12-31",297.124962,26716.6488,-5.4786,"greece",2564.3694,9.5966,11033783,-0.2,80.438,0.27,20
"2011-12-31",282.995942,25483.8826,-10.1493,"greece",2338.915,9.1933,11004725,-0.26,80.652,0.27,20
"2012-12-31",242.0293071,21912.9983,-7.0867,"greece",1948.2485,8.9238,10963635,-0.37,80.866,0.27,20
"2013-12-31",238.9076901,21787.7878,-2.516,"greece",1813.8779,8.3668,10914505,-0.45,81.08,0.26,20
"2014-12-31",235.4581331,21616.71,0.4757,"greece",1705.1145,7.9078,10862969,-0.47,81.26,0.22,20
"2015-12-31",195.683527,18083.8779,-0.1961,"greece",1452.052,8.0689,10806641,-0.52,81.44,0.22,20
"2016-12-31",193.1481466,17923.9668,-0.4872,"greece",1488.1981,8.3211,10749742,-0.53,81.62,0.22,20
"2017-12-31",199.844406,18582.0893,1.0921,"greece",1505.9459,8.1031,10692228,-0.54,81.8,0.22,20
"2018-12-31",212.0494472,19756.9905,1.6684,"greece",1572.6842,7.9588,10633271,-0.55,81.98,0.22,20
"2019-12-31",205.1441528,19133.7578,1.8036,"greece",1500.595,7.8379,10574024,-0.56,82.144,0.2,20
"2000-12-31",47.21840589,4624.2817,4.4792,"hungary",313.1086,6.778,10202055,-0.28,71.54,0.46,20
"2001-12-31",53.74998909,5276.0332,4.0741,"hungary",359.6975,6.8261,10177955,-0.24,71.87,0.46,20
"2002-12-31",67.60891914,6655.333,4.7413,"hungary",473.1278,7.121,10148401,-0.29,72.2,0.46,20
"2003-12-31",85.30200391,8421.1033,4.0845,"hungary",682.8657,8.1192,10118062,-0.3,72.53,0.46,20
"2004-12-31",104.1410426,10303.7042,5.0004,"hungary",798.4536,7.7701,10094493,-0.23,72.772,0.33,20
"2005-12-31",113.2367116,11225.9326,4.2953,"hungary",895.2033,8.0008,10073525,-0.21,73.014,0.33,20
"2006-12-31",115.7512667,11493.1004,3.9478,"hungary",893.203,7.7874,10057063,-0.16,73.256,0.33,20
"2007-12-31",140.2275606,13944.971,0.277,"hungary",1003.2582,7.2153,10041172,-0.16,73.498,0.33,20
"2008-12-31",158.3744196,15777.192,1.0065,"hungary",1117.2023,7.0969,10023510,-0.18,73.74,0.33,20
"2009-12-31",131.114229,13081.7926,-6.5955,"hungary",943.6877,7.2393,10008579,-0.15,74.042,0.41,20
"2010-12-31",132.2311342,13223.083,1.0831,"hungary",983.1108,7.4632,9986825,-0.22,74.344,0.41,20
"2011-12-31",141.9999602,14240.2575,1.8602,"hungary",1063.4323,7.4909,9953245,-0.34,74.646,0.41,20
"2012-12-31",128.8573705,12989.1803,-1.2577,"hungary",961.1384,7.4302,9922127,-0.31,74.948,0.4,20
"2013-12-31",135.7325957,13719.9505,1.8064,"hungary",990.6312,7.249,9894639,-0.28,75.25,0.4,20
"2014-12-31",141.0789848,14298.8337,4.2237,"hungary",1006.1565,7.0601,9867901,-0.27,75.526,0.37,20
"2015-12-31",125.2103246,12720.712,3.7033,"hungary",870.5194,6.8595,9844246,-0.24,75.802,0.37,20
"2016-12-31",128.6361083,13107.3779,2.192,"hungary",914.1935,6.9954,9815104,-0.3,76.078,0.36,20
"2017-12-31",143.1362456,14623.6966,4.2686,"hungary",985.799,6.756,9788941,-0.27,76.354,0.36,20
"2018-12-31",160.5868338,16427.3728,5.3595,"hungary",1074.0176,6.5462,9776358,-0.13,76.63,0.36,20
"2019-12-31",163.5264914,16735.6598,4.5541,"hungary",1062.3942,6.35,9771796,-0.05,76.766,0.18,20
"2000-12-31",9.025660362,32096.3723,4.985,"iceland",2873.8481,8.9293,281462,1.38,79.73,0.4,20
"2001-12-31",8.234846805,28897.4439,4.0135,"iceland",2557.2695,8.7855,285238,1.34,80.05,0.4,20
"2002-12-31",9.318395055,32409.2161,0.5595,"iceland",3091.2883,9.4655,287798,0.9,80.37,0.4,20
"2003-12-31",11.42933304,39476.6978,2.1427,"iceland",3861.7361,9.7293,289801,0.7,80.69,0.4,20
"2004-12-31",13.82530254,47334.9307,7.8024,"iceland",4430.375,9.3285,292361,0.88,80.83,0.17,20
"2005-12-31",16.85296307,56794.8502,6.1244,"iceland",5111.6421,8.947,297029,1.6,80.97,0.17,20
"2006-12-31",17.46531855,57492.9342,6.317,"iceland",4986.3979,8.5571,304070,2.37,81.11,0.17,20
"2007-12-31",21.6525056,69495.7267,8.4549,"iceland",5926.8071,8.3536,311853,2.56,81.25,0.17,20
"2008-12-31",18.07462299,56943.3704,2.2095,"iceland",4851.4214,8.3437,317715,1.88,81.39,0.17,20
"2009-12-31",13.15441422,41301.2732,-7.6638,"iceland",3652.2085,8.7752,318800,0.34,81.55,0.2,20
"2010-12-31",13.75116192,43237.0729,-2.8328,"iceland",3589.5557,8.3617,318333,-0.15,81.71,0.2,20
"2011-12-31",15.22162293,47714.5922,1.8458,"iceland",3860.03,8.2029,319293,0.3,81.87,0.2,20
"2012-12-31",14.75150813,45995.5479,1.0636,"iceland",3705.946,8.1812,320979,0.53,82.03,0.2,20
"2013-12-31",16.12506052,49804.983,4.5525,"iceland",4029.2332,8.1756,324024,0.95,82.19,0.2,20
"2014-12-31",17.86766218,54576.7448,1.6872,"iceland",4474.5493,8.2289,327644,1.12,82.306,0.14,20
"2015-12-31",17.51721052,52951.6815,4.4367,"iceland",4280.4907,8.0698,331060,1.04,82.422,0.14,20
"2016-12-31",20.79316803,61987.9264,6.3037,"iceland",5068.1001,8.0971,335675,1.39,82.538,0.14,20
"2017-12-31",24.72828518,72010.149,4.1949,"iceland",6144.5464,8.3091,343632,2.37,82.654,0.14,20
"2018-12-31",26.26706376,74469.8041,4.8922,"iceland",6565.8794,8.4429,352946,2.71,82.77,0.14,20
"2019-12-31",24.85774045,68941.4622,2.4348,"iceland",6274.9595,8.6387,360774,2.22,82.92,0.18,20
"2000-12-31",100.2076104,26334.5672,9.3994,"ireland",1564.8374,5.9042,3768950,1.32,76.76,0.47,20
"2001-12-31",109.3466692,28282.4099,5.3045,"ireland",1823.7347,6.3966,3829018,1.59,77.12,0.47,20
"2002-12-31",128.5960353,32705.4346,5.8962,"ireland",2200.3574,6.6747,3894258,1.7,77.48,0.47,20
"2003-12-31",164.6707713,41203.5296,3.0096,"ireland",2910.9321,7.0097,3958705,1.65,77.84,0.46,20
"2004-12-31",194.372115,47754.2023,6.7859,"ireland",3483.1606,7.223,4031954,1.85,78.208,0.47,20
"2005-12-31",211.8769897,50933.0216,5.7362,"ireland",3938.1912,7.6458,4121216,2.21,78.576,0.47,20
"2006-12-31",232.1806172,54329.1619,4.9805,"ireland",4147.1323,7.5166,4234806,2.76,78.944,0.47,20
"2007-12-31",270.0792794,61396.4175,5.3055,"ireland",4858.645,7.8054,4359834,2.95,79.312,0.47,20
"2008-12-31",275.4474715,61353.1066,-4.4866,"ireland",5638.7793,9.1093,4452392,2.12,79.68,0.46,20
"2009-12-31",236.4431159,52133.0906,-5.1005,"ireland",5502.8877,10.5063,4499792,1.06,79.866,0.23,20
"2010-12-31",221.8760113,48655.3662,1.7551,"ireland",5133.4551,10.5063,4524585,0.55,80.052,0.23,20
"2011-12-31",238.975559,52177.1127,1.0685,"ireland",5558.2969,10.6769,4544501,0.44,80.238,0.23,20
"2012-12-31",225.496811,49026.0231,-0.0524,"ireland",5222.0449,10.6527,4564550,0.44,80.424,0.23,20
"2013-12-31",238.2792698,51533.0346,1.267,"ireland",5328.5791,10.297,4588832,0.53,80.61,0.23,20
"2014-12-31",258.9696491,55599.8508,8.7137,"ireland",5329.9805,9.5349,4622167,0.73,80.898,0.36,20
"2015-12-31",291.5800376,62012.4849,25.1762,"ireland",4561.3892,7.3161,4665760,0.94,81.186,0.36,20
"2016-12-31",298.9281526,62861.6391,2.0422,"ireland",4709.1685,7.4249,4715788,1.07,81.474,0.35,20
"2017-12-31",335.4308296,69774.029,8.94,"ireland",5010.2563,7.064,4771854,1.19,81.762,0.35,20
"2018-12-31",385.0417115,79107.605,9.0302,"ireland",5484.2212,6.8602,4834507,1.31,82.05,0.35,20
"2019-12-31",399.1220635,80886.6157,4.917,"ireland",5428.5889,6.6793,4896019,1.27,82.202,0.19,20
"2000-12-31",1146.676894,20137.5912,3.787,"italy",1524.2396,7.5667,56966397,0.04,79.396,0.38,20
"2001-12-31",1168.023426,20500.9544,1.9514,"italy",1586.6571,7.7376,56994993,0.05,79.694,0.38,20
"2002-12-31",1276.769338,22376.2979,0.2539,"italy",1762.5376,7.8669,57107577,0.2,79.992,0.37,20
"2003-12-31",1577.621707,27526.3225,0.1386,"italy",2163.0254,7.833,57425175,0.56,80.29,0.37,20
"2004-12-31",1806.542969,31317.2008,1.4236,"italy",2565.6274,8.1655,57860661,0.76,80.534,0.3,20
"2005-12-31",1858.217147,32055.0921,0.8178,"italy",2677.5522,8.3393,58199876,0.59,80.778,0.3,20
"2006-12-31",1949.551719,33529.7266,1.7906,"italy",2832.6978,8.4367,58429903,0.4,81.022,0.3,20
"2007-12-31",2213.102483,37870.7475,1.4871,"italy",3092.5588,8.1361,58778482,0.6,81.266,0.3,20
"2008-12-31",2408.655349,40944.9124,-0.962,"italy",3504.1116,8.5328,59224228,0.76,81.51,0.3,20
"2009-12-31",2199.928804,37226.7572,-5.2809,"italy",3337.7507,8.9516,59562841,0.57,81.68,0.21,20
"2010-12-31",2136.099955,36035.645,1.7133,"italy",3217.6829,8.916,59822450,0.44,81.85,0.21,20
"2011-12-31",2294.994297,38649.6395,0.7073,"italy",3392.0127,8.7741,60025952,0.34,82.02,0.21,20
"2012-12-31",2086.957657,35051.5213,-2.9809,"italy",3086.3032,8.7835,60190145,0.27,82.19,0.21,20
"2013-12-31",2141.924094,35560.0814,-1.8411,"italy",3149.2427,8.7754,60312599,0.2,82.36,0.21,20
"2014-12-31",2162.009616,35565.7214,-0.0045,"italy",3154.2759,8.8679,60322791,0.02,82.544,0.22,20
"2015-12-31",1836.637711,30242.3861,0.7783,"italy",2675.6716,8.8569,60232906,-0.15,82.728,0.22,20
"2016-12-31",1877.071688,30960.7315,1.2935,"italy",2699.7329,8.7253,60118626,-0.19,82.912,0.22,20
"2017-12-31",1961.796197,32406.7203,1.6679,"italy",2809.7214,8.6777,60004032,-0.19,83.096,0.22,20
"2018-12-31",2091.932426,34622.1697,0.9258,"italy",3000.7109,8.6751,59877425,-0.21,83.28,0.22,20
"2019-12-31",2011.285743,33673.4754,0.5002,"italy",2905.5,8.6686,59727932,-0.25,83.424,0.17,20
"2000-12-31",7.958852839,3361.6409,5.6757,"latvia",181.5707,5.44,2392530,-1.39,69.52,0.59,20
"2001-12-31",8.362398702,3578.0019,6.3283,"latvia",205.0205,5.7776,2359249,-1.39,69.93,0.59,20
"2002-12-31",9.557031605,4136.9333,7.0871,"latvia",237.2952,5.77,2326144,-1.4,70.34,0.59,20
"2003-12-31",11.77197516,5145.1952,8.4225,"latvia",280.5088,5.4898,2294342,-1.37,70.75,0.58,20
"2004-12-31",14.43570053,6378.6665,8.282,"latvia",393.2981,6.2168,2263443,-1.35,70.91,0.23,20
"2005-12-31",17.00345986,7594.9024,10.7152,"latvia",440.8098,5.8477,2233157,-1.34,71.07,0.23,20
"2006-12-31",21.5700765,9723.4469,11.9652,"latvia",552.3016,5.7183,2203913,-1.31,71.23,0.23,20
"2007-12-31",31.05435098,14113.5291,9.943,"latvia",775.1915,5.5223,2176053,-1.26,71.39,0.22,20
"2008-12-31",35.85427423,16467.1437,-3.2428,"latvia",913.5215,5.6001,2150412,-1.18,71.55,0.22,20
"2009-12-31",26.41090909,12331.9286,-14.2483,"latvia",744.6616,6.1193,2126265,-1.12,72.066,0.72,20
"2010-12-31",23.95616308,11420.994,-4.4709,"latvia",689.0772,6.1195,2101530,-1.16,72.582,0.72,20
"2011-12-31",27.47438057,13338.9622,2.5644,"latvia",764.5917,5.5424,2076974,-1.17,73.098,0.71,20
"2012-12-31",28.16990267,13847.3379,7.0373,"latvia",745.5175,5.3809,2053636,-1.12,73.614,0.71,20
"2013-12-31",30.20478346,15007.4919,2.0107,"latvia",807.13,5.3675,2031486,-1.08,74.13,0.7,20
"2014-12-31",31.38689649,15742.3913,1.9001,"latvia",856.7665,5.4661,2011039,-1.01,74.314,0.25,20
"2015-12-31",27.26309055,13786.4568,3.885,"latvia",775.8643,5.6547,1991955,-0.95,74.498,0.25,20
"2016-12-31",28.08359751,14331.7516,2.3676,"latvia",874.7977,6.1359,1973476,-0.93,74.682,0.25,20
"2017-12-31",30.48380602,15695.1152,3.3131,"latvia",932.5016,5.9703,1954862,-0.94,74.866,0.25,20
"2018-12-31",34.42902344,17865.0311,3.9895,"latvia",1101.4926,6.191,1935630,-0.98,75.05,0.25,20
"2019-12-31",34.30878383,17926.8416,2.4843,"latvia",1166.7979,6.5781,1916555,-0.99,75.186,0.18,20
"2000-12-31",11.52477687,3293.23,3.6955,"lithuania",217.1761,6.1995,3599637,-0.94,70.818,0.39,20
"2001-12-31",12.237388,3525.7936,6.5261,"lithuania",218.818,6.0134,3560142,-1.1,71.092,0.39,20
"2002-12-31",14.25978116,4141.5927,6.7514,"lithuania",254.3669,6.1445,3515799,-1.25,71.366,0.39,20
"2003-12-31",18.78172138,5499.429,10.566,"lithuania",338.8631,6.1863,3469675,-1.31,71.64,0.38,20
"2004-12-31",22.62750745,6700.3272,6.5695,"lithuania",366.9597,5.5115,3422591,-1.36,71.684,0.06,20
"2005-12-31",26.09767757,7854.7653,7.7324,"lithuania",438.9327,5.648,3373533,-1.43,71.728,0.06,20
"2006-12-31",30.1835751,9230.708,7.4141,"lithuania",536.0574,5.8442,3322932,-1.5,71.772,0.06,20
"2007-12-31",39.69789135,12285.4471,11.1075,"lithuania",704.2932,5.7643,3272418,-1.52,71.816,0.06,20
"2008-12-31",47.79755159,14944.9967,2.6144,"lithuania",936.5093,6.2945,3224378,-1.47,71.86,0.06,20
"2009-12-31",37.38812205,11820.7762,-14.8386,"lithuania",864.7364,7.3659,3180479,-1.36,72.286,0.59,20
"2010-12-31",37.12869403,11987.5084,1.6512,"lithuania",805.2245,6.8146,3139019,-1.3,72.712,0.59,20
"2011-12-31",43.53505148,14376.9479,6.039,"lithuania",925.4716,6.4878,3099798,-1.25,73.138,0.59,20
"2012-12-31",42.92745429,14367.7094,3.8439,"lithuania",896.9371,6.2759,3063341,-1.18,73.564,0.58,20
"2013-12-31",46.52342007,15729.6525,3.5501,"lithuania",958.9272,6.1259,3028189,-1.15,73.99,0.58,20
"2014-12-31",48.53365959,16551.0182,3.537,"lithuania",1021.233,6.1933,2994927,-1.1,74.322,0.45,20
"2015-12-31",41.43553334,14263.9646,2.0246,"lithuania",920.1998,6.4904,2963765,-1.04,74.654,0.45,20
"2016-12-31",43.04730931,15008.3132,2.5188,"lithuania",988.528,6.6375,2933673,-1.02,74.986,0.44,20
"2017-12-31",47.75873693,16885.4074,4.2826,"lithuania",1083.3033,6.4751,2904450,-1,75.318,0.44,20
"2018-12-31",53.75091187,19186.1813,3.9933,"lithuania",1249.031,6.5339,2876128,-0.98,75.65,0.44,20
"2019-12-31",54.69737902,19575.7685,4.5738,"lithuania",1369.9795,7.006,2849083,-0.94,75.802,0.2,20
"2000-12-31",21.23018299,48659.5989,6.9381,"luxembourg",2901.2,5.9014,435628,1.46,77.518,0.34,20
"2001-12-31",21.3875337,48440.142,3.0744,"luxembourg",3109.2014,6.4109,441250,1.29,77.782,0.34,20
"2002-12-31",23.64983333,53005.7339,3.2254,"luxembourg",3600.8674,6.7385,445913,1.06,78.046,0.34,20
"2003-12-31",29.66726825,65689.3215,2.6194,"luxembourg",4607.4028,6.9727,451351,1.22,78.31,0.34,20
"2004-12-31",35.06484379,76544.9171,4.2319,"luxembourg",5610.3535,7.3455,457788,1.43,78.548,0.3,20
"2005-12-31",37.67228012,80988.1376,2.4829,"luxembourg",5818.146,7.1826,464860,1.54,78.786,0.3,20
"2006-12-31",42.9101463,90788.8005,6.0167,"luxembourg",6070.7358,6.7084,472404,1.62,79.024,0.3,20
"2007-12-31",51.58740142,107475.3203,8.0987,"luxembourg",6671.2651,6.2347,479868,1.58,79.262,0.3,20
"2008-12-31",58.8442777,120422.1379,-0.3002,"luxembourg",7578.7495,6.5384,488635,1.83,79.5,0.3,20
"2009-12-31",54.4672899,109419.747,-3.239,"luxembourg",7670.5938,7.3398,497868,1.89,79.828,0.41,20
"2010-12-31",56.21398599,110885.9914,3.7604,"luxembourg",7459.8354,7.0316,507070,1.85,80.156,0.41,20
"2011-12-31",61.69628133,119025.0572,1.0443,"luxembourg",7174.7393,6.1121,518206,2.2,80.484,0.41,20
"2012-12-31",59.77638353,112584.6763,1.6499,"luxembourg",6029.4751,5.5838,530585,2.39,80.812,0.41,20
"2013-12-31",65.20327647,120000.1407,3.1718,"luxembourg",6356.6445,5.5277,543066,2.35,81.14,0.41,20
"2014-12-31",68.8048119,123678.7021,2.6231,"luxembourg",6547.0347,5.4369,556069,2.39,81.312,0.21,20
"2015-12-31",60.07158422,105462.0126,2.2698,"luxembourg",5421.9321,5.2838,569408,2.4,81.484,0.21,20
"2016-12-31",62.21688544,106899.2935,4.9782,"luxembourg",5475.1396,5.195,583351,2.45,81.656,0.21,20
"2017-12-31",65.71218034,110193.2138,1.3172,"luxembourg",5713.1187,5.2578,596283,2.22,81.828,0.21,20
"2018-12-31",71.2850194,117254.7404,2.0044,"luxembourg",6227.084,5.2859,607913,1.95,82,0.21,20
"2019-12-31",70.1957155,113218.7133,3.2838,"luxembourg",6220.7412,5.3708,619973,1.98,82.156,0.19,20
"2000-12-31",4.069515579,10432.3281,19.6813,"malta",647.1015,6.5731,399212,0.82,78.948,0.22,20
"2001-12-31",4.088368978,10402.2334,-1.1747,"malta",685.984,6.9999,402151,0.74,79.122,0.22,20
"2002-12-31",4.470446391,11289.8898,2.5653,"malta",830.6463,7.7066,404699,0.63,79.296,0.22,20
"2003-12-31",5.4484155,13669.4971,4.0741,"malta",1074.0931,7.8956,406919,0.55,79.47,0.22,20
"2004-12-31",6.098092551,15197.0567,0.1403,"malta",1223.8574,8.0482,408798,0.46,79.634,0.21,20
"2005-12-31",6.416184181,15888.1723,3.3836,"malta",1379.6864,8.664,410208,0.34,79.798,0.21,20
"2006-12-31",6.77832405,16723.8842,2.5101,"malta",1474.4845,8.8099,411197,0.24,79.962,0.21,20
"2007-12-31",7.925371475,19485.8712,4.7747,"malta",1596.1232,8.1688,412081,0.21,80.126,0.21,20
"2008-12-31",9.090406767,22205.3568,3.8264,"malta",1751.165,7.8634,413401,0.32,80.29,0.2,20
"2009-12-31",8.696366907,21083.2771,-1.1339,"malta",1677.3623,7.9238,415500,0.51,80.522,0.29,20
"2010-12-31",9.035932122,21799.1743,5.5436,"malta",1733.6688,7.9521,418755,0.78,80.754,0.29,20
"2011-12-31",9.638916481,23155.5548,0.4671,"malta",1960.0612,8.4481,423571,1.15,80.986,0.29,20
"2012-12-31",9.462238211,22527.6368,4.1177,"malta",1898.6014,8.378,429907,1.5,81.218,0.29,20
"2013-12-31",10.55166118,24771.0766,5.4734,"malta",2121.0823,8.4967,437525,1.77,81.45,0.29,20
"2014-12-31",11.62628139,26754.2684,7.6335,"malta",2456.4348,9.0851,446441,2.04,81.618,0.21,20
"2015-12-31",11.09143448,24921.6037,9.6081,"malta",2243.467,8.8976,456579,2.27,81.786,0.21,20
"2016-12-31",11.66828679,25624.5373,3.3815,"malta",2321.1533,8.9437,467705,2.44,81.954,0.21,20
"2017-12-31",13.50505644,28857.0199,11.0792,"malta",2551.7161,8.8949,479497,2.52,82.122,0.2,20
"2018-12-31",15.30127948,31573.1166,6.0342,"malta",2753.511,8.8108,491586,2.52,82.29,0.2,20
"2019-12-31",15.71950092,31185.6496,5.8611,"malta",2531.9109,8.2144,503635,2.45,82.444,0.19,20
"2000-12-31",1.288429392,440.672,2.1077,"moldova",21.3799,5.9269,4251573,-1.22,67.014,0.3,20
"2001-12-31",1.480673594,507.5577,6.1,"moldova",25.3986,6.2345,4200501,-1.2,67.216,0.3,20
"2002-12-31",1.661818168,570.9726,7.8,"moldova",33.9242,7.4044,4147642,-1.26,67.418,0.3,20
"2003-12-31",1.980907435,682.5255,6.6,"moldova",38.4384,7.0223,4093982,-1.29,67.62,0.3,20
"2004-12-31",2.598249556,897.45,7.4,"moldova",64.6071,8.9711,4046995,-1.15,67.75,0.19,20
"2005-12-31",2.988348836,1034.7071,7.5,"moldova",79.3321,9.5581,4001382,-1.13,67.88,0.19,20
"2006-12-31",3.408244549,1183.3792,4.8,"moldova",100.1082,10.5445,3942748,-1.47,68.01,0.19,20
"2007-12-31",4.401189466,1531.6855,3,"moldova",135.4437,11.0207,3876843,-1.67,68.14,0.19,20
"2008-12-31",6.054849885,2111.2015,7.8,"moldova",185.5612,10.9492,3812422,-1.66,68.27,0.19,20
"2009-12-31",5.439422031,1899.0101,-6,"moldova",208.53,13.6766,3749492,-1.65,68.81,0.79,20
"2010-12-31",6.974982393,2437.5377,7.1,"moldova",198.2889,10.1311,3678186,-1.9,69.35,0.78,20
"2011-12-31",8.414351672,2942.2528,5.8182,"moldova",214.9825,9.0967,3595126,-2.26,69.89,0.78,20
"2012-12-31",8.709138765,3045.7306,-0.5897,"moldova",223.619,9.1396,3507191,-2.45,70.43,0.77,20
"2013-12-31",9.496717702,3322.05,9.0439,"moldova",231.6623,8.683,3416530,-2.59,70.97,0.77,20
"2014-12-31",9.510198962,3328.7943,4.9996,"moldova",230.7698,8.6328,3338336,-2.29,71.112,0.2,20
"2015-12-31",7.745241913,2732.4607,-0.3382,"moldova",186.4364,8.5576,3277388,-1.83,71.254,0.2,20
"2016-12-31",8.071469355,2880.4353,4.4089,"moldova",171.1848,7.5355,3225123,-1.59,71.396,0.2,20
"2017-12-31",9.669741744,3509.6868,4.6908,"moldova",243.9454,7.0133,3180506,-1.38,71.538,0.2,20
"2018-12-31",11.45744319,4230.627,4.3015,"moldova",276.4714,6.5875,3141837,-1.22,71.68,0.2,20
"2019-12-31",11.971345,4492.1057,3.6834,"moldova",284.3071,6.3779,3109491,-1.03,71.804,0.17,20
"2000-12-31",417.4793374,26214.4985,4.1956,"netherlands",2028.1599,7.7069,15899135,0.55,78.172,0.21,20
"2001-12-31",431.5868524,26896.5481,2.327,"netherlands",2175.7327,8.0595,15981636,0.52,78.338,0.21,20
"2002-12-31",473.8619801,29343.245,0.2173,"netherlands",2544.8091,8.6491,16057040,0.47,78.504,0.21,20
"2003-12-31",580.0703607,35750.9747,0.1556,"netherlands",3244.3557,9.0566,16127579,0.44,78.67,0.21,20
"2004-12-31",658.3800815,40436.6182,1.9849,"netherlands",3689.4299,9.1107,16196035,0.42,78.972,0.38,20
"2005-12-31",685.3481815,41994.7135,2.0509,"netherlands",3823.5015,9.0967,16261831,0.41,79.274,0.38,20
"2006-12-31",733.9552699,44900.9381,3.461,"netherlands",4080.2324,9.0806,16325677,0.39,79.576,0.38,20
"2007-12-31",848.5588875,51799.2086,3.7728,"netherlands",4696.1382,9.0529,16391232,0.4,79.878,0.38,20
"2008-12-31",951.8699979,57879.9438,2.1703,"netherlands",5382.4722,9.2766,16460770,0.42,80.18,0.38,20
"2009-12-31",871.518638,52722.2131,-3.6669,"netherlands",5282.7358,9.9929,16536208,0.46,80.406,0.28,20
"2010-12-31",847.380859,50999.7451,1.3427,"netherlands",5191.728,10.1552,16617117,0.49,80.632,0.28,20
"2011-12-31",905.2706263,54230.3129,1.5512,"netherlands",5562.0962,10.2335,16701472,0.51,80.858,0.28,20
"2012-12-31",838.9233199,50070.1416,-1.0304,"netherlands",5284.6865,10.5391,16785299,0.5,81.084,0.28,20
"2013-12-31",877.1728245,52198.8976,-0.1302,"netherlands",5532.687,10.5836,16867352,0.49,81.31,0.28,20
"2014-12-31",892.1679867,52900.5374,1.4234,"netherlands",5601.9023,10.5671,16954081,0.51,81.46,0.18,20
"2015-12-31",765.5727706,45193.4032,1.9592,"netherlands",4676.562,10.3239,17041107,0.51,81.61,0.18,20
"2016-12-31",784.0604302,46039.1059,2.1917,"netherlands",4753.6743,10.2943,17124505,0.49,81.76,0.18,20
"2017-12-31",833.8696417,48675.2223,2.9109,"netherlands",4934.5752,10.1083,17207198,0.48,81.91,0.18,20
"2018-12-31",914.0434382,53044.5324,2.3609,"netherlands",5336.9844,10.0318,17286042,0.46,82.06,0.18,20
"2019-12-31",910.1943476,52476.2733,1.9556,"netherlands",5335.3013,10.1303,17363262,0.45,82.204,0.18,20
"2000-12-31",3.772857145,1861.8981,4.5491,"north_macedonia",164.4736,8.8699,2037936,0.7,73.102,0.31,20
"2001-12-31",3.70963783,1823.0236,-3.0673,"north_macedonia",152.1587,8.3816,2053384,0.76,73.328,0.31,20
"2002-12-31",4.018365247,1989.1351,1.4937,"north_macedonia",175.036,8.9783,2064737,0.55,73.554,0.31,20
"2003-12-31",4.946292775,2440.4769,2.2226,"north_macedonia",217.2166,9.0086,2071142,0.31,73.78,0.31,20
"2004-12-31",5.682788267,2795.8993,4.6741,"north_macedonia",233.9918,8.4651,2075874,0.23,73.858,0.11,20
"2005-12-31",6.258600714,3072.6786,4.7241,"north_macedonia",233.1067,7.6791,2078662,0.13,73.936,0.11,20
"2006-12-31",6.861222332,3362.9684,5.137,"north_macedonia",245.6707,7.3831,2081075,0.12,74.014,0.11,20
"2007-12-31",8.336478142,4079.392,6.4735,"north_macedonia",265.3627,6.5707,2083488,0.12,74.092,0.11,20
"2008-12-31",9.909548411,4841.2517,5.472,"north_macedonia",314.1453,6.5532,2086227,0.13,74.17,0.11,20
"2009-12-31",9.401731496,4584.7098,-0.3586,"north_macedonia",296.6654,6.5285,2089787,0.17,74.368,0.27,20
"2010-12-31",9.407168702,4577.6888,3.3588,"north_macedonia",305.2323,6.7137,2093828,0.19,74.566,0.27,20
"2011-12-31",10.4946327,5098.0976,2.3399,"north_macedonia",329.9504,6.5189,2097099,0.16,74.764,0.27,20
"2012-12-31",9.745251126,4728.3081,-0.4562,"north_macedonia",310.775,6.6147,2099478,0.11,74.962,0.26,20
"2013-12-31",10.81771214,5241.0583,2.9253,"north_macedonia",350.2099,6.7193,2102215,0.13,75.16,0.26,20
"2014-12-31",11.36227284,5495.735,3.6291,"north_macedonia",343.8787,6.2899,2105291,0.15,75.248,0.12,20
"2015-12-31",10.06451543,4861.554,3.8559,"north_macedonia",306.9151,6.3423,2107962,0.13,75.336,0.12,20
"2016-12-31",10.67247186,5149.5891,2.8482,"north_macedonia",327.4914,6.3794,2110196,0.11,75.424,0.12,20
"2017-12-31",11.30705838,5450.4929,1.0818,"north_macedonia",358.3069,6.594,2111979,0.08,75.512,0.12,20
"2018-12-31",12.68307006,6108.7401,2.8806,"north_macedonia",399.0971,6.5548,2113491,0.07,75.6,0.12,20
"2019-12-31",12.60633845,6070.3881,3.9104,"north_macedonia",436.8872,7.2541,2114176,0.03,75.732,0.17,20
"2000-12-31",171.2471313,38131.4606,3.205,"norway",2948.9316,7.7122,4491202,0.65,78.706,0.26,20
"2001-12-31",173.9722188,38542.7151,2.0748,"norway",3099.0034,8.022,4514017,0.51,78.914,0.26,20
"2002-12-31",195.5241865,43084.4725,1.4463,"norway",3889.9595,9.0006,4538438,0.54,79.122,0.26,20
"2003-12-31",228.8585068,50134.8908,0.9101,"norway",4632.5684,9.2147,4565167,0.59,79.33,0.26,20
"2004-12-31",264.5116307,57603.836,3.9694,"norway",5097.3442,8.8212,4592277,0.59,79.584,0.32,20
"2005-12-31",308.8842841,66810.4785,2.6254,"norway",5584.6895,8.3284,4623689,0.68,79.838,0.32,20
"2006-12-31",345.58137,74148.3201,2.3998,"norway",5892.9873,7.9127,4661087,0.81,80.092,0.32,20
"2007-12-31",400.9371002,85139.9604,2.9943,"norway",6895.5605,8.0509,4709577,1.04,80.346,0.32,20
"2008-12-31",462.25,96944.0956,0.4763,"norway",7768.0503,7.9608,4768654,1.25,80.6,0.32,20
"2009-12-31",386.1903853,79977.6971,-1.727,"norway",7301.96,9.0743,4829199,1.27,80.802,0.25,20
"2010-12-31",428.7570385,87693.7901,0.7018,"norway",7859.5161,8.9055,4889741,1.25,81.004,0.25,20
"2011-12-31",498.2834385,100600.5624,0.9814,"norway",8900.3721,8.7887,4953561,1.31,81.206,0.25,20
"2012-12-31",509.5063171,101524.1419,2.7031,"norway",8970.1201,8.7779,5019056,1.32,81.408,0.25,20
"2013-12-31",522.7615319,102913.4508,1.0341,"norway",9241.2656,8.9295,5080668,1.23,81.61,0.25,20
"2014-12-31",498.4100503,97019.1828,1.9695,"norway",9118.3174,9.3449,5137923,1.13,81.724,0.14,20
"2015-12-31",385.8015501,74355.5159,1.9671,"norway",7565.5498,10.1315,5190356,1.02,81.838,0.14,20
"2016-12-31",368.8271429,70460.5605,1.0716,"norway",7496.7686,10.5913,5236590,0.89,81.952,0.14,20
"2017-12-31",398.3939553,75496.7541,2.3233,"norway",7815.7866,10.3159,5277392,0.78,82.066,0.14,20
"2018-12-31",436.9996926,82267.8093,1.1188,"norway",8271.8584,10.0239,5312320,0.66,82.18,0.14,20
"2019-12-31",404.9413636,75719.7529,0.7458,"norway",8007.3979,10.5213,5348279,0.68,82.332,0.18,20
"2000-12-31",172.2194611,4501.4541,4.561,"poland",238.0045,5.2879,38504431,0.39,73.468,0.51,20
"2001-12-31",190.9054935,4991.2444,1.2585,"poland",282.821,5.6672,38662862,0.41,73.842,0.51,20
"2002-12-31",199.0720588,5207.1714,2.0359,"poland",315.8315,6.0672,38647476,-0.04,74.216,0.51,20
"2003-12-31",217.8272608,5701.6022,3.4984,"poland",339.3352,5.9537,38621531,-0.07,74.59,0.5,20
"2004-12-31",255.1101815,6681.3865,4.9828,"poland",392.0034,5.8685,38596042,-0.07,74.784,0.26,20
"2005-12-31",306.1443363,8021.5057,3.5068,"poland",465.7002,5.8069,38575911,-0.05,74.978,0.26,20
"2006-12-31",344.6220031,9035.4105,6.1311,"poland",524.0975,5.8028,38547179,-0.07,75.172,0.26,20
"2007-12-31",429.0285054,11254.5174,7.0615,"poland",660.9247,5.8734,38521874,-0.07,75.366,0.26,20
"2008-12-31",533.6090819,13996.0252,4.2,"poland",892.5969,6.3759,38522882,0,75.56,0.26,20
"2009-12-31",439.7375084,11526.0559,2.8322,"poland",759.6058,6.5877,38555285,0.08,75.878,0.42,20
"2010-12-31",479.834179,12613.011,3.7405,"poland",809.1994,6.4122,38597353,0.11,76.196,0.42,20
"2011-12-31",528.3012691,13879.561,4.7576,"poland",866.0947,6.2401,38620847,0.06,76.514,0.42,20
"2012-12-31",498.5235682,13097.2708,1.3249,"poland",815.1418,6.2239,38625874,0.01,76.832,0.42,20
"2013-12-31",521.0162627,13696.4663,1.1258,"poland",878.0885,6.4149,38607353,-0.05,77.15,0.41,20
"2014-12-31",542.4770962,14271.3059,3.3786,"poland",911.2982,6.3866,38581872,-0.07,77.412,0.34,20
"2015-12-31",477.8119114,12578.4955,4.2363,"poland",803.9597,6.3948,38553146,-0.07,77.674,0.34,20
"2016-12-31",472.6303642,12447.4396,3.1417,"poland",813.4728,6.5347,38532113,-0.05,77.936,0.34,20
"2017-12-31",526.5088773,13864.6818,4.8307,"poland",909.5782,6.5601,38532812,0,78.198,0.34,20
"2018-12-31",587.4117452,15468.4822,5.3537,"poland",978.7357,6.3276,38521457,-0.03,78.46,0.34,20
"2019-12-31",597.2805647,15732.2031,4.745,"poland",1014.0382,6.4468,38493601,-0.07,78.622,0.21,20
"2000-12-31",118.6051929,11526.3721,3.8162,"portugal",995.3421,8.601,10300626,0.66,76.632,0.41,20
"2001-12-31",121.6041072,11734.765,1.9437,"portugal",1015.5497,8.6275,10371819,0.69,76.948,0.41,20
"2002-12-31",134.7955655,12936.6928,0.7709,"portugal",1139.403,8.7864,10430914,0.57,77.264,0.41,20
"2003-12-31",165.2261755,15797.7821,-0.9305,"portugal",1443.3779,9.1242,10473344,0.41,77.58,0.41,20
"2004-12-31",189.3821225,18064.1581,1.7887,"portugal",1723.744,9.5325,10501522,0.27,77.92,0.44,20
"2005-12-31",197.2538767,18780.1275,0.7818,"portugal",1814.3545,9.6531,10523315,0.21,78.26,0.44,20
"2006-12-31",208.7564493,19839.454,1.625,"portugal",1857.6451,9.3542,10543947,0.2,78.6,0.43,20
"2007-12-31",240.4961473,22811.0565,2.5066,"portugal",2112.5288,9.2519,10565551,0.2,78.94,0.43,20
"2008-12-31",263.4163946,24949.0414,0.3192,"portugal",2391.9812,9.5831,10580960,0.15,79.28,0.43,20
"2009-12-31",244.6677628,23151.2154,-3.1221,"portugal",2346.542,10.1307,10591343,0.1,79.548,0.34,20
"2010-12-31",238.1130032,22520.6423,1.7376,"portugal",2259.3037,10.0325,10588401,-0.03,79.816,0.34,20
"2011-12-31",245.1179902,23217.2955,-1.6962,"portugal",2255.9692,9.7307,10564826,-0.22,80.084,0.34,20
"2012-12-31",216.2242406,20563.7136,-4.0573,"portugal",1980.0187,9.6539,10522086,-0.4,80.352,0.33,20
"2013-12-31",226.433858,21653.196,-0.9226,"portugal",2030.6301,9.4049,10464535,-0.55,80.62,0.33,20
"2014-12-31",229.9019642,22103.701,0.7922,"portugal",2059.9265,9.3429,10408372,-0.54,80.846,0.28,20
"2015-12-31",199.3940665,19250.1065,1.792,"portugal",1790.5341,9.3165,10365435,-0.41,81.072,0.28,20
"2016-12-31",206.4261523,19991.9725,2.0195,"portugal",1875.2422,9.3944,10332753,-0.32,81.298,0.28,20
"2017-12-31",221.3578747,21490.4299,3.5063,"portugal",1998.0647,9.3058,10307530,-0.24,81.524,0.28,20
"2018-12-31",242.3131166,23562.5545,2.8493,"portugal",2216.3066,9.4126,10289835,-0.17,81.75,0.28,20
"2019-12-31",239.9869226,23330.8173,2.6828,"portugal",2221.4392,9.5315,10289923,0,81.93,0.22,20
"2000-12-31",37.25325902,1659.9076,2.4613,"romania",69.8935,4.2088,21919876,-0.54,70.408,0.51,20
"2001-12-31",40.39482468,1825.1798,5.2181,"romania",78.8175,4.376,21797590,-0.56,70.762,0.5,20
"2002-12-31",46.06610195,2119.8827,5.703,"romania",96.577,4.5769,21653532,-0.66,71.116,0.5,20
"2003-12-31",57.80650602,2679.4119,2.3411,"romania",143.5455,5.3714,21481320,-0.8,71.47,0.5,20
"2004-12-31",74.97266906,3494.9445,10.4281,"romania",190.7951,5.4773,21289286,-0.89,71.792,0.45,20
"2005-12-31",98.45279198,4617.929,4.6681,"romania",254.5296,5.5278,21092264,-0.93,72.114,0.45,20
"2006-12-31",122.0229975,5757.4964,8.0288,"romania",291.0041,5.0711,20909401,-0.87,72.436,0.45,20
"2007-12-31",174.5852028,8360.1663,7.2338,"romania",415.0679,5.0222,20744230,-0.79,72.758,0.44,20
"2008-12-31",214.313629,10435.044,9.3075,"romania",521.3156,5.0227,20597508,-0.71,73.08,0.44,20
"2009-12-31",174.1036959,8548.1187,-5.5174,"romania",449.3769,5.2784,20466318,-0.64,73.452,0.51,20
"2010-12-31",166.3093552,8214.0769,-3.9012,"romania",472.2075,5.7661,20335211,-0.64,73.824,0.51,20
"2011-12-31",183.3267401,9099.2175,1.9061,"romania",426.5997,4.702,20220285,-0.57,74.196,0.5,20
"2012-12-31",170.6358053,8507.1048,2.0407,"romania",401.6711,4.7335,20137118,-0.41,74.568,0.5,20
"2013-12-31",190.8013462,9547.8522,3.771,"romania",495.2362,5.1966,20066546,-0.35,74.94,0.5,20
"2014-12-31",199.9593634,10043.6774,3.6087,"romania",503.3475,5.0217,19995836,-0.35,75.118,0.24,20
"2015-12-31",177.7292109,8969.1489,2.9537,"romania",442.2404,4.9472,19906079,-0.45,75.296,0.24,20
"2016-12-31",188.1288185,9548.5874,4.703,"romania",476.2451,5.0035,19797820,-0.54,75.474,0.24,20
"2017-12-31",211.6954226,10807.0092,7.3194,"romania",555.1131,5.1508,19698853,-0.5,75.652,0.24,20
"2018-12-31",241.4574031,12398.982,4.4745,"romania",687.1541,5.5605,19606783,-0.47,75.83,0.24,20
"2019-12-31",249.8815923,12899.3461,4.1883,"romania",738.5582,5.7445,19524211,-0.42,75.964,0.18,20
"2000-12-31",259.7101422,1771.5941,10.0001,"russia",95.4121,5.0199,146844839,-0.33,65.4,-0.23,20
"2001-12-31",306.6020706,2100.3525,5.1001,"russia",118.1095,5.2428,146235530,-0.41,65.25,-0.23,20
"2002-12-31",345.4704944,2377.5295,4.7,"russia",140.7554,5.5217,145590136,-0.44,65.1,-0.23,20
"2003-12-31",430.3477707,2975.1252,7.3,"russia",164.6477,5.1637,144946723,-0.44,64.95,-0.23,20
"2004-12-31",591.0166907,4102.3647,7.1999,"russia",209.1971,4.7604,144353636,-0.41,65.388,0.67,20
"2005-12-31",764.017108,5323.4629,6.4,"russia",271.8846,4.7718,143800049,-0.38,65.826,0.67,20
"2006-12-31",989.9305423,6920.189,8.2001,"russia",352.5519,4.7665,143338669,-0.32,66.264,0.67,20
"2007-12-31",1299.705765,9101.2549,8.5,"russia",461.5053,4.7479,143117693,-0.15,66.702,0.66,20
"2008-12-31",1660.846388,11635.2725,5.2,"russia",609.1602,4.9036,143086549,-0.02,67.14,0.66,20
"2009-12-31",1222.644282,8562.8135,-7.8,"russia",515.8545,5.6439,143163643,0.05,67.766,0.93,20
"2010-12-31",1524.917468,10674.9961,4.5,"russia",566.0909,4.9711,143242599,0.06,68.392,0.92,20
"2011-12-31",2045.925608,14311.084,4.3,"russia",682.6606,4.7949,143364543,0.09,69.018,0.92,20
"2012-12-31",2208.295774,15420.875,4.0241,"russia",757.0446,4.9364,143629362,0.18,69.644,0.91,20
"2013-12-31",2292.473247,15974.6445,1.7554,"russia",807.0765,5.081,143956866,0.23,70.27,0.9,20
"2014-12-31",2059.241965,14095.6484,0.7363,"russia",737.6492,5.1821,144285070,0.23,70.674,0.57,20
"2015-12-31",1363.481063,9313.0137,-1.9727,"russia",498.056,5.296,144668389,0.27,71.078,0.57,20
"2016-12-31",1276.786979,8704.8984,0.1937,"russia",464.8978,5.2897,145109157,0.3,71.482,0.57,20
"2017-12-31",1574.199387,10720.333,1.8258,"russia",579.6722,5.3589,145452536,0.24,71.886,0.57,20
"2018-12-31",1657.329646,11287.3604,2.8072,"russia",609.0092,5.3552,145652293,0.14,72.29,0.56,20
"2019-12-31",1693.113904,11536.251,2.1981,"russia",653.4172,5.6485,145742286,0.06,72.428,0.19,20
"2000-12-31",6.875845987,914.7857,6.1318,"serbia",56.505,6.4993,7935022,-0.31,72.07,0.11,20
"2001-12-31",12.96053872,1727.2812,6.8788,"serbia",112.2206,6.8606,7917793,-0.22,72.15,0.11,20
"2002-12-31",17.12090692,2283.8467,6.3804,"serbia",173.2553,8.06,7904269,-0.17,72.23,0.11,20
"2003-12-31",22.48236532,3005.4264,4.3878,"serbia",230.0887,8.1295,7887463,-0.21,72.31,0.11,20
"2004-12-31",26.14196816,3502.8029,9.0282,"serbia",274.4553,8.2402,7863395,-0.31,72.536,0.31,20
"2005-12-31",27.68322596,3720.4792,5.5303,"serbia",307.5471,8.2781,7830944,-0.41,72.762,0.31,20
"2006-12-31",32.48207036,4382.6173,5.1078,"serbia",371.506,8.488,7794792,-0.46,72.988,0.31,20
"2007-12-31",43.17099062,5848.4764,6.4395,"serbia",547.2272,9.37,7758174,-0.47,73.214,0.31,20
"2008-12-31",52.19422147,7101.0401,5.6556,"serbia",671.887,9.4759,7722794,-0.46,73.44,0.31,20
"2009-12-31",45.16289438,6169.1142,-2.7318,"serbia",575.2621,9.3398,7688034,-0.45,73.702,0.36,20
"2010-12-31",41.81946869,5735.4229,0.731,"serbia",545.3338,9.5207,7653748,-0.45,73.964,0.36,20
"2011-12-31",49.25813613,6809.1598,2.0363,"serbia",618.8942,9.1075,7620918,-0.43,74.226,0.35,20
"2012-12-31",43.30925292,6015.9452,-0.6815,"serbia",559.9054,9.3218,7591350,-0.39,74.488,0.35,20
"2013-12-31",48.39423947,6755.0737,2.8926,"serbia",627.533,9.3059,7566676,-0.33,74.75,0.35,20
"2014-12-31",47.06220668,6600.0568,-1.5895,"serbia",608.8586,9.2396,7543960,-0.3,74.954,0.27,20
"2015-12-31",39.65595884,5588.9807,1.8061,"serbia",491.2518,8.8132,7519496,-0.32,75.158,0.27,20
"2016-12-31",40.69264337,5765.2008,3.3386,"serbia",486.4294,8.4589,7493288,-0.35,75.362,0.27,20
"2017-12-31",44.17905528,6292.5436,2.1012,"serbia",515.8459,8.2204,7464880,-0.38,75.566,0.27,20
"2018-12-31",50.64065022,7252.4019,4.4951,"serbia",617.0865,8.5317,7433818,-0.42,75.77,0.27,20
"2019-12-31",51.51422238,7417.2036,4.3317,"serbia",641.025,8.6721,7401056,-0.44,75.91,0.18,20
"2000-12-31",20.28962764,10201.3035,3.6724,"slovenia",796.647,7.8041,1984339,-0.1,75.81,0.37,20
"2001-12-31",20.87630997,10479.7596,3.2166,"slovenia",826.2258,7.876,1982487,-0.09,76.09,0.37,20
"2002-12-31",23.48989027,11777.1557,3.5056,"slovenia",944.8714,8.0212,1983767,0.06,76.37,0.37,20
"2003-12-31",29.63471364,14849.0372,2.9603,"slovenia",1203.0635,8.0988,1989411,0.28,76.65,0.37,20
"2004-12-31",34.4147845,17233.1386,4.3592,"slovenia",1368.6487,7.9396,1996722,0.37,77.03,0.5,20
"2005-12-31",36.20639597,18098.9085,3.798,"slovenia",1449.1892,7.996,2004778,0.4,77.41,0.49,20
"2006-12-31",39.48104504,19672.9656,5.7464,"slovenia",1541.6643,7.8232,2013570,0.44,77.79,0.49,20
"2007-12-31",48.06740121,23817.8867,6.9802,"slovenia",1795.9504,7.5114,2023229,0.48,78.17,0.49,20
"2008-12-31",55.77942774,27595.6,3.5098,"slovenia",2179.4524,7.8547,2034033,0.53,78.55,0.49,20
"2009-12-31",50.56773489,24792.128,-7.5484,"slovenia",2125.0569,8.5408,2045578,0.57,78.868,0.4,20
"2010-12-31",48.20824023,23532.4809,1.3437,"slovenia",2017.1466,8.565,2057287,0.57,79.186,0.4,20
"2011-12-31",51.58386979,25128.015,0.8613,"slovenia",2147.8052,8.5364,2065453,0.4,79.504,0.4,20
"2012-12-31",46.57779318,22641.8051,-2.6394,"slovenia",1974.854,8.7151,2069354,0.19,79.822,0.4,20
"2013-12-31",48.41565726,23503.2825,-1.0293,"slovenia",2055.3813,8.7403,2072374,0.15,80.14,0.4,20
"2014-12-31",49.99718644,24247.1733,2.7682,"slovenia",2062.3848,8.502,2074917,0.12,80.328,0.23,20
"2015-12-31",43.10750602,20890.1664,2.2101,"slovenia",1775.8608,8.4982,2080862,0.29,80.516,0.23,20
"2016-12-31",44.76672279,21678.3595,3.1919,"slovenia",1835.4073,8.463,2090020,0.44,80.704,0.23,20
"2017-12-31",48.58910004,23514.0255,4.8154,"slovenia",1925.0348,8.1852,2098392,0.4,80.892,0.23,20
"2018-12-31",54.1635917,26116.8564,4.4225,"slovenia",2169.5791,8.2794,2105924,0.36,81.08,0.23,20
"2019-12-31",54.17887761,25942.9548,3.2505,"slovenia",2219.1006,8.5239,2112901,0.33,81.234,0.19,20
"2000-12-31",598.3633135,14749.6874,5.246,"spain",1005.284,6.7992,40741651,0.49,79.232,0.29,20
"2001-12-31",627.8300294,15369.0012,3.9329,"spain",1045.0507,6.769,40966450,0.55,79.458,0.29,20
"2002-12-31",708.7566771,17106.6866,2.731,"spain",1174.5793,6.8005,41477655,1.25,79.684,0.28,20
"2003-12-31",907.4915232,21510.8362,2.9819,"spain",1641.0587,7.5639,42230270,1.81,79.91,0.28,20
"2004-12-31",1069.055675,24907.0009,3.1228,"spain",1924.4453,7.6591,42959666,1.73,80.172,0.33,20
"2005-12-31",1153.715823,26429.1509,3.652,"spain",2060.3308,7.732,43685374,1.69,80.434,0.33,20
"2006-12-31",1260.398978,28389.0786,4.1027,"spain",2242.1782,7.8291,44422831,1.69,80.696,0.33,20
"2007-12-31",1474.00258,32591.3503,3.6047,"spain",2606.179,7.9184,45245782,1.85,80.958,0.32,20
"2008-12-31",1631.863494,35510.7222,0.8871,"spain",2995.0498,8.3819,45966538,1.59,81.22,0.32,20
"2009-12-31",1491.472924,32169.5029,-3.7632,"spain",2937.5344,9.1071,46367772,0.87,81.478,0.32,20
"2010-12-31",1422.1082,30532.4805,0.163,"spain",2789.5339,9.1186,46572772,0.44,81.736,0.32,20
"2011-12-31",1480.710496,31677.9003,-0.8144,"spain",2909.1177,9.1686,46729232,0.34,81.994,0.32,20
"2012-12-31",1324.744315,28322.8092,-2.9594,"spain",2591.0161,9.157,46756082,0.06,82.252,0.31,20
"2013-12-31",1355.142585,29067.8095,-1.4354,"spain",2629.6055,9.0674,46603459,-0.33,82.51,0.31,20
"2014-12-31",1371.222713,29500.7894,1.3839,"spain",2679.6294,9.0894,46464551,-0.3,82.68,0.21,20
"2015-12-31",1195.599996,25742.3688,3.8352,"spain",2349.0544,9.1262,46431342,-0.07,82.85,0.21,20
"2016-12-31",1232.912963,26523.3482,3.0313,"spain",2376.7212,8.9524,46473315,0.09,83.02,0.21,20
"2017-12-31",1312.539279,28170.1679,2.9736,"spain",2526.7205,8.9569,46584170,0.24,83.19,0.2,20
"2018-12-31",1420.994143,30364.5799,2.2888,"spain",2740.2693,8.9904,46792043,0.45,83.36,0.2,20
"2019-12-31",1393.046093,29554.4905,2.0852,"spain",2711.1929,9.1321,47131372,0.73,83.486,0.15,20
"2000-12-31",262.8354544,29624.9127,4.7663,"sweden",2173.1938,7.3269,8871043,0.25,79.632,0.21,20
"2001-12-31",242.3958525,27247.8577,1.4495,"sweden",2155.8542,7.9003,8896748,0.29,79.798,0.21,20
"2002-12-31",266.8490618,29899.1952,2.1969,"sweden",2459.0984,8.2101,8926012,0.33,79.964,0.21,20
"2003-12-31",334.3372123,37321.7979,2.3098,"sweden",3110.1997,8.3172,8961506,0.4,80.13,0.21,20
"2004-12-31",385.1180449,42821.6731,4.3369,"sweden",3488.1729,8.1296,9004263,0.48,80.316,0.23,20
"2005-12-31",392.2180889,43437.0631,2.8588,"sweden",3547.6333,8.1508,9051738,0.53,80.502,0.23,20
"2006-12-31",423.0934374,46593.6022,4.6628,"sweden",3765.3975,8.0523,9104719,0.59,80.688,0.23,20
"2007-12-31",491.2525892,53700.0053,3.4392,"sweden",4310.3267,7.9961,9164272,0.65,80.874,0.23,20
"2008-12-31",517.7061492,56152.5523,-0.4506,"sweden",4627.564,8.2082,9229271,0.71,81.06,0.23,20
"2009-12-31",436.5370143,46946.9603,-4.3398,"sweden",4136.1733,8.7704,9301413,0.78,81.232,0.21,20
"2010-12-31",495.8125588,52869.0443,5.9521,"sweden",4416.1455,8.3196,9381729,0.86,81.404,0.21,20
"2011-12-31",574.094113,60755.7596,3.1953,"sweden",6351.2168,10.4165,9467388,0.91,81.576,0.21,20
"2012-12-31",552.4837273,58037.8213,-0.5883,"sweden",6254.4424,10.7352,9555987,0.94,81.748,0.21,20
"2013-12-31",586.8418218,61126.9432,1.1878,"sweden",6696.8721,10.9049,9648932,0.97,81.92,0.21,20
"2014-12-31",581.9640172,60020.3605,2.6578,"sweden",6605.9116,10.9479,9747508,1.02,82.05,0.16,20
"2015-12-31",505.1037813,51545.4836,4.4893,"sweden",5598.6816,10.8042,9849349,1.04,82.18,0.16,20
"2016-12-31",515.6546715,51965.1572,2.0706,"sweden",5680.7256,10.8524,9953317,1.06,82.31,0.16,20
"2017-12-31",541.0187498,53791.5087,2.5679,"sweden",5837.7705,10.7851,10058190,1.05,82.44,0.16,20
"2018-12-31",555.4553715,54589.0604,1.95,"sweden",6005.0659,10.9411,10162298,1.04,82.57,0.16,20
"2019-12-31",533.8795292,51939.4297,1.9862,"sweden",5671.3857,10.8675,10267922,1.04,82.722,0.18,20
"2000-12-31",279.8411517,38952.0342,3.9764,"switzerland",3559.8198,9.114,7182059,0.56,79.734,0.32,20
"2001-12-31",287.2265312,39727.8467,1.5758,"switzerland",3763.3845,9.4392,7224403,0.59,79.986,0.32,20
"2002-12-31",310.1757725,42578.7631,-0.0055,"switzerland",4211.7295,9.8522,7276480,0.72,80.238,0.32,20
"2003-12-31",363.063294,49470.3971,-0.0468,"switzerland",5018.5273,10.1094,7330729,0.75,80.49,0.31,20
"2004-12-31",405.5313213,54878.471,2.8215,"switzerland",5608.7031,10.185,7381151,0.69,80.748,0.32,20
"2005-12-31",420.5449478,56546.7857,2.8826,"switzerland",5673.9404,10.0042,7428435,0.64,81.006,0.32,20
"2006-12-31",443.8019054,59300.6172,4.015,"switzerland",5671.9814,9.5334,7475010,0.63,81.264,0.32,20
"2007-12-31",493.5373767,65359.5192,3.9957,"switzerland",6154.7031,9.3636,7541904,0.89,81.522,0.32,20
"2008-12-31",570.3041972,74572.2324,2.7555,"switzerland",7120.6519,9.4809,7638288,1.28,81.78,0.32,20
"2009-12-31",558.1998686,72083.1677,-2.0796,"switzerland",7297.3799,10.0691,7734405,1.26,81.962,0.22,20
"2010-12-31",603.4344934,77117.126,3.2681,"switzerland",7705.1758,9.9416,7822435,1.14,82.144,0.22,20
"2011-12-31",722.0382421,91254.0348,1.9204,"switzerland",9191.959,10.0191,7910982,1.13,82.326,0.22,20
"2012-12-31",692.109694,86547.6709,1.2172,"switzerland",8917.1191,10.2488,7995738,1.07,82.508,0.22,20
"2013-12-31",712.7481242,88109.4868,1.8217,"switzerland",9275.7988,10.4621,8088367,1.16,82.69,0.22,20
"2014-12-31",734.396591,89684.7076,2.4468,"switzerland",9578.6455,10.6164,8187791,1.23,82.864,0.21,20
"2015-12-31",702.1495808,84776.1422,1.6578,"switzerland",9382.791,11.0079,8281732,1.15,83.038,0.21,20
"2016-12-31",695.6006529,83073.2801,2.0452,"switzerland",9439.4248,11.3001,8372898,1.1,83.212,0.21,20
"2017-12-31",704.478517,83352.0887,1.5848,"switzerland",9606.3496,11.481,8451687,0.94,83.386,0.21,20
"2018-12-31",735.5393016,86388.405,2.9169,"switzerland",9870.6641,11.38,8514434,0.74,83.56,0.21,20
"2019-12-31",731.7673981,85334.5195,1.211,"switzerland",9666.3379,11.2915,8575588,0.72,83.698,0.17,20
"2000-12-31",32.37528032,658.3486,5.9,"ukraine",35.1318,5.3069,48879755,-0.89,67.394,0.03,20
"2001-12-31",39.30958098,807.8019,8.8,"ukraine",44.7864,5.7253,48414534,-0.95,67.416,0.03,20
"2002-12-31",43.95636992,911.9111,5.3396,"ukraine",52.8765,5.9922,47976537,-0.9,67.438,0.03,20
"2003-12-31",52.01023872,1087.7856,9.5166,"ukraine",68.9155,6.5457,47605643,-0.77,67.46,0.03,20
"2004-12-31",67.22015416,1416.6038,11.7954,"ukraine",84.5825,6.1686,47261961,-0.72,67.546,0.13,20
"2005-12-31",89.23937011,1894.4708,3.0712,"ukraine",116.3312,6.3462,46912610,-0.74,67.632,0.13,20
"2006-12-31",111.8847525,2391.324,7.5714,"ukraine",148.3751,6.417,46592556,-0.68,67.718,0.13,20
"2007-12-31",148.7338614,3197.9343,8.2158,"ukraine",185.9116,6.0171,46313068,-0.6,67.804,0.13,20
"2008-12-31",188.1111406,4066.5479,2.2435,"ukraine",215.7868,5.4973,46062937,-0.54,67.89,0.13,20
"2009-12-31",121.5527775,2639.3916,-15.1365,"ukraine",168.2864,6.6077,45863884,-0.43,68.494,0.89,20
"2010-12-31",141.2098644,3078.4299,4.092,"ukraine",202.3409,6.8123,45683020,-0.39,69.098,0.88,20
"2011-12-31",169.3330488,3704.825,5.4453,"ukraine",243.7808,6.8162,45516134,-0.37,69.702,0.87,20
"2012-12-31",182.5924165,4004.8044,0.1523,"ukraine",275.2193,7.1167,45406226,-0.24,70.306,0.87,20
"2013-12-31",190.4988115,4187.7397,0.0454,"ukraine",280.9767,6.9416,45307099,-0.22,70.91,0.86,20
"2014-12-31",133.5034114,3104.6433,-10.0789,"ukraine",212.7697,7.1896,45148075,-0.35,71.092,0.26,20
"2015-12-31",91.03095945,2124.6624,-9.773,"ukraine",157.5775,7.7761,44982564,-0.37,71.274,0.26,20
"2016-12-31",93.35599363,2187.7305,2.441,"ukraine",157.5377,7.5454,44833569,-0.33,71.456,0.26,20
"2017-12-31",112.0905304,2638.3262,2.36,"ukraine",187.3952,7.4333,44657257,-0.39,71.638,0.25,20
"2018-12-31",130.8910498,3096.5618,3.4884,"ukraine",222.4754,7.5199,44446954,-0.47,71.82,0.25,20
"2019-12-31",153.882982,3661.4563,3.1995,"ukraine",248.1335,7.0986,44211094,-0.53,71.956,0.19,20
"2000-12-31",1662.127402,28223.0676,3.6724,"united_kingdom",2029.5249,7.1953,58850043,0.37,77.666,0.32,20
"2001-12-31",1643.908162,27806.4488,2.0727,"united_kingdom",2101.8364,7.5672,59092016,0.41,77.914,0.32,20
"2002-12-31",1784.076739,30049.8963,2.1232,"united_kingdom",2386.2124,7.9414,59355690,0.45,78.162,0.32,20
"2003-12-31",2057.093878,34487.4676,3.0299,"united_kingdom",2796.3411,8.1124,59649799,0.5,78.41,0.32,20
"2004-12-31",2421.814354,40371.7108,2.3556,"united_kingdom",3384.6052,8.39,59995851,0.58,78.666,0.33,20
"2005-12-31",2544.829091,42132.0907,2.5933,"united_kingdom",3552.6431,8.4414,60383741,0.65,78.922,0.33,20
"2006-12-31",2717.059798,44654.0969,2.5841,"united_kingdom",3842.6758,8.6082,60803700,0.7,79.178,0.32,20
"2007-12-31",3106.182473,50653.2569,2.2695,"united_kingdom",4450.1289,8.7854,61260676,0.75,79.434,0.32,20
"2008-12-31",2938.882353,47549.3486,-0.2396,"united_kingdom",4301.1167,9.0644,61742151,0.79,79.69,0.32,20
"2009-12-31",2425.798411,38952.211,-4.2474,"united_kingdom",3841.8789,9.8809,62243378,0.81,79.926,0.3,20
"2010-12-31",2491.110093,39688.615,2.1314,"united_kingdom",3904.5071,9.8353,62760039,0.83,80.162,0.3,20
"2011-12-31",2674.891474,42284.8845,1.4576,"united_kingdom",4156.5771,9.8485,63286362,0.84,80.398,0.29,20
"2012-12-31",2719.158341,42686.8001,1.4699,"united_kingdom",4222.085,9.9142,63808727,0.83,80.634,0.29,20
"2013-12-31",2803.291406,43713.8141,1.89,"united_kingdom",4344.6685,9.9757,64302297,0.77,80.87,0.29,20
"2014-12-31",3087.165603,47787.2413,2.9912,"united_kingdom",4740.1104,9.9504,64773504,0.73,80.926,0.07,20
"2015-12-31",2956.573779,45404.5678,2.6226,"united_kingdom",4477.2856,9.9007,65224364,0.7,80.982,0.07,20
"2016-12-31",2722.851958,41499.5557,2.2635,"united_kingdom",4067.1758,9.8731,65655203,0.66,81.038,0.07,20
"2017-12-31",2699.016715,40857.7556,2.1345,"united_kingdom",3966.0583,9.8079,66064804,0.62,81.094,0.07,20
"2018-12-31",2900.791443,43646.952,1.6509,"united_kingdom",4270.2212,9.9038,66432993,0.56,81.15,0.07,20
"2019-12-31",2878.673912,43070.4984,1.6719,"united_kingdom",4312.8892,10.154,66778659,0.52,81.274,0.15,20
