,date, GDP ( Billions of US $), Per Capita (US $), Annual % Change,Country
0,1984-12-31,1.8573380118549,639.4847,-1.2516,albania
1,1985-12-31,1.8970501334202,639.8659,1.7806,albania
2,1986-12-31,2.09732625,693.8735,5.6372,albania
3,1987-12-31,2.08079625,674.7934,-0.7878,albania
4,1988-12-31,2.05123625,652.7743,-1.42,albania
5,1989-12-31,2.25309,697.9956,9.8365,albania
6,1990-12-31,2.02855375,617.2304,-9.5756,albania
7,1991-12-31,1.0995590277778,336.587,-28.0021,albania
8,1992-12-31,0.6521749908373,200.8522,-7.1871,albania
9,1993-12-31,1.185315468463,367.2792,9.5594,albania
10,1994-12-31,1.8809515203972,586.4163,8.3029,albania
11,1995-12-31,2.3927648534211,750.6044,13.3223,albania
12,1996-12-31,3.1996413359375,1009.9773,9.1,albania
13,1997-12-31,2.2585139740968,717.38,-10.92,albania
14,1998-12-31,2.5459645408838,813.7894,8.8294,albania
15,1999-12-31,3.2121216509776,1033.2425,12.8908,albania
16,2000-12-31,3.4803552580412,1126.6833,6.9462,albania
17,2001-12-31,3.9221007935403,1281.6598,8.2933,albania
18,2002-12-31,4.3480682421951,1425.1242,4.5365,albania
19,2003-12-31,5.6114962571423,1846.1201,5.5286,albania
20,2004-12-31,7.1846857815188,2373.5813,5.5147,albania
21,2005-12-31,8.0520735393806,2673.7866,5.5264,albania
22,2006-12-31,8.8960729189814,2972.7429,5.9027,albania
23,2007-12-31,10.677324144429,3595.0381,5.9833,albania
24,2008-12-31,12.881353507854,4370.5399,7.5,albania
25,2009-12-31,12.044208085864,4114.1349,3.3543,albania
26,2010-12-31,11.926922828991,4094.3484,3.7069,albania
27,2011-12-31,12.890764531328,4437.1426,2.5454,albania
28,2012-12-31,12.319830437347,4247.63,1.4172,albania
29,2013-12-31,12.776220507016,4413.062,1.002,albania
30,2014-12-31,13.228147516117,4578.6332,1.7744,albania
31,2015-12-31,11.386850129841,3952.8025,2.2187,albania
32,2016-12-31,11.86119983084,4124.0554,3.315,albania
33,2017-12-31,13.019689336692,4531.0194,3.8022,albania
34,2018-12-31,15.156432309898,5287.6637,4.0194,albania
35,2019-12-31,15.401830754077,5396.2159,2.0881,albania
36,2020-12-31,15.131866270594,5332.1605,-3.4816,albania
37,2021-12-31,18.260043499807,6494.3857,8.5441,albania
38,5.7456,,,,albania
39,2.9486,,,,albania
40,1.1049,,,,albania
0,1970-12-31,0.0786192060851,3238.6903,,andorra
1,1971-12-31,0.0894098203593,3496.532,4.6495,andorra
2,1972-12-31,0.1134082319441,4218.2716,8.1497,andorra
3,1973-12-31,0.1508201027984,5342.1686,7.7885,andorra
4,1974-12-31,0.1865586962792,6320.8096,5.6188,andorra
5,1975-12-31,0.2201272463768,7169.101,0.5422,andorra
6,1976-12-31,0.2272810246207,7151.2499,3.3038,andorra
7,1977-12-31,0.2540201533406,7751.8433,2.8386,andorra
8,1978-12-31,0.3080088975694,9127.8123,1.463,andorra
9,1979-12-31,0.4115783341596,11818.4733,0.0416,andorra
10,1980-12-31,0.446416105825,12378.7845,2.2087,andorra
11,1981-12-31,0.3889587313029,10372.7861,-0.1325,andorra
12,1982-12-31,0.3758959563835,9610.0206,1.2465,andorra
13,1983-12-31,0.3278618329466,8025.2076,1.7701,andorra
14,1984-12-31,0.3300706892983,7728.9067,1.7847,andorra
15,1985-12-31,0.346737964775,7775.6142,2.3214,andorra
16,1986-12-31,0.4820005940359,10361.1478,3.2533,andorra
17,1987-12-31,0.6113163994071,12615.1262,5.5471,andorra
18,1988-12-31,0.7214259391516,14304.6406,5.0943,andorra
19,1989-12-31,0.7954493323963,15165.2813,4.827,andorra
20,1990-12-31,1.0290484818805,18878.8523,3.7814,andorra
21,1991-12-31,1.1069285828663,19534.2636,2.546,andorra
22,1992-12-31,1.2100136518771,20549.8056,0.9292,andorra
23,1993-12-31,1.0070257550007,16515.6584,-1.0315,andorra
24,1994-12-31,1.0175491243324,16235.068,2.3832,andorra
25,1995-12-31,1.178738991193,18458.174,2.7575,andorra
26,1996-12-31,1.2239453566268,19016.2882,4.6497,andorra
27,1997-12-31,1.1805972727273,18355.6279,9.0677,andorra
28,1998-12-31,1.2119323978171,18895.1107,3.1948,andorra
29,1999-12-31,1.2398763051353,19262.309,4.0991,andorra
30,2000-12-31,1.4290491984522,21854.2468,3.5284,andorra
31,2001-12-31,1.5469261744966,22970.5122,8.1194,andorra
32,2002-12-31,1.755910031997,25067.2401,4.5464,andorra
33,2003-12-31,2.3617268623025,32272.8459,8.6942,andorra
34,2004-12-31,2.8949217779985,37966.1873,8.1357,andorra
35,2005-12-31,3.1599054843925,40064.2249,5.3978,andorra
36,2006-12-31,3.456442102622,42674.759,4.8087,andorra
37,2007-12-31,3.9526006022447,47804.8499,1.5532,andorra
38,2008-12-31,4.0856305844441,48719.6588,-5.5592,andorra
39,2009-12-31,3.6744095582106,43504.2157,-5.3028,andorra
40,2010-12-31,3.4499257388607,40849.7613,-1.975,andorra
41,2011-12-31,3.6291335742778,43333.973,-0.0081,andorra
42,2012-12-31,3.1886527653618,38684.5665,-4.9744,andorra
43,2013-12-31,3.1935129500242,39538.3552,-3.5476,andorra
44,2014-12-31,3.2716855966632,41302.3821,2.5045,andorra
45,2015-12-31,2.7898812585036,35770.9187,1.4341,andorra
46,2016-12-31,2.8966104797308,37474.7458,3.7097,andorra
47,2017-12-31,3.0001620811198,38964.662,0.3461,andorra
48,2018-12-31,3.2184198969641,41793.3188,1.5888,andorra
49,2019-12-31,3.1551493478064,40898.4179,2.0155,andorra
50,2020-12-31,2.8910011493611,37416.6977,-11.1839,andorra
51,2021-12-31,3.3299107237608,43047.6863,8.9494,andorra
0,1960-12-31,6.592693841185,935.4604,,austria
1,1961-12-31,7.3117496333623,1031.815,5.538,austria
2,1962-12-31,7.7561102101197,1087.8342,2.6487,austria
3,1963-12-31,8.3741752577308,1167.0005,4.1383,austria
4,1964-12-31,9.1699838857119,1269.4126,6.1244,austria
5,1965-12-31,9.99407061586,1374.5321,3.4802,austria
6,1966-12-31,10.887682273101,1486.9686,5.6429,austria
7,1967-12-31,11.579431668917,1569.6672,3.008,austria
8,1968-12-31,12.440625312868,1677.6735,4.4723,austria
9,1969-12-31,13.58279855624,1825.3861,6.2759,austria
10,1970-12-31,15.373005557026,2058.7691,6.3211,austria
11,1971-12-31,17.858486066747,2380.9785,5.115,austria
12,1972-12-31,22.059612476933,2924.0489,6.2079,austria
13,1973-12-31,29.515467706796,3890.7224,4.8904,austria
14,1974-12-31,35.189299911661,4630.7572,3.9421,austria
15,1975-12-31,40.059206763056,5285.6207,-0.3637,austria
16,1976-12-31,42.959976221523,5678.3867,4.5784,austria
17,1977-12-31,51.545758887686,6810.6277,5.08,austria
18,1978-12-31,62.052259073249,8205.469,-0.2107,austria
19,1979-12-31,73.937296963459,9793.7653,5.3567,austria
20,1980-12-31,82.058912997235,10869.5465,1.7315,austria
21,1981-12-31,71.034228443062,9385.2491,-0.1443,austria
22,1982-12-31,71.275287569573,9410.3473,2.0113,austria
23,1983-12-31,72.121016546652,9537.4074,2.9731,austria
24,1984-12-31,67.985344886872,8991.065,0.0513,austria
25,1985-12-31,69.386774408087,9172.0968,2.4987,austria
26,1986-12-31,99.036164939162,13083.0727,2.3014,austria
27,1987-12-31,124.16844253374,16392.7695,1.3572,austria
28,1988-12-31,133.33939708013,17578.6189,3.2959,austria
29,1989-12-31,133.10580551222,17468.9461,3.8871,austria
30,1990-12-31,166.46338617935,21680.9896,4.3456,austria
31,1991-12-31,173.79417796111,22410.9118,3.4416,austria
32,1992-12-31,195.07812672176,24880.1641,2.0935,austria
33,1993-12-31,190.37972080918,24081.5278,0.5268,austria
34,1994-12-31,203.53524274184,25646.7007,2.4021,austria
35,1995-12-31,241.03828306264,30325.8496,2.668,austria
36,1996-12-31,237.25094879127,29809.0768,2.3495,austria
37,1997-12-31,212.79034840456,26705.4786,2.0936,austria
38,1998-12-31,218.25990440196,27361.8751,3.5814,austria
39,1999-12-31,217.25914704995,27183.4759,3.5563,austria
40,2000-12-31,197.28962547991,24625.6007,3.3757,austria
41,2001-12-31,197.50877321532,24558.7637,1.2672,austria
42,2002-12-31,214.39486667524,26527.5931,1.6516,austria
43,2003-12-31,262.27363118005,32294.0489,0.9415,austria
44,2004-12-31,301.45756203854,36889.2335,2.7351,austria
45,2005-12-31,316.09227327602,38417.4578,2.2441,austria
46,2006-12-31,336.28006433241,40669.327,3.454,austria
47,2007-12-31,389.18557150605,46915.3374,3.7274,austria
48,2008-12-31,432.05193564295,51919.9836,1.4604,austria
49,2009-12-31,401.75873582221,48153.324,-3.7646,austria
50,2010-12-31,392.27510725867,46903.7616,1.8371,austria
51,2011-12-31,431.68521736751,51442.2762,2.9228,austria
52,2012-12-31,409.40181605053,48564.9173,0.6804,austria
53,2013-12-31,430.19097970596,50731.1273,0.0255,austria
54,2014-12-31,442.58481528603,51786.3772,0.6613,austria
55,2015-12-31,381.97114853054,44195.8176,1.0145,austria
56,2016-12-31,395.8373530315,45307.5879,1.9894,austria
57,2017-12-31,417.26115184498,47429.1585,2.2586,austria
58,2018-12-31,455.16815193894,51486.5755,2.5016,austria
59,2019-12-31,445.01187270447,50114.4011,1.4912,austria
60,2020-12-31,433.25846767652,48588.6594,-6.7345,austria
61,2021-12-31,477.08246745429,53267.9327,4.484,austria
0,1990-12-31,21.65,2124.7679,,belarus
1,1991-12-31,18.0,1765.7359,-1.2,belarus
2,1992-12-31,17.037037037037,1667.6051,-9.6,belarus
3,1993-12-31,16.280991735537,1590.0881,-7.6,belarus
4,1994-12-31,14.932024169184,1460.0655,-11.7,belarus
5,1995-12-31,13.972676840918,1370.6993,-10.4,belarus
6,1996-12-31,14.756846153846,1452.5071,2.8,belarus
7,1997-12-31,14.128408565706,1396.442,11.4,belarus
8,1998-12-31,15.222012660423,1511.3253,8.4,belarus
9,1999-12-31,12.13848653202,1210.6117,3.4,belarus
10,2000-12-31,12.736856827985,1276.288,5.8,belarus
11,2001-12-31,12.354820143885,1244.3732,4.7253,belarus
12,2002-12-31,14.594249022892,1479.3146,5.0453,belarus
13,2003-12-31,17.827791321307,1819.7661,7.0432,belarus
14,2004-12-31,23.144351851852,2378.6233,11.4497,belarus
15,2005-12-31,30.20756731662,3125.8105,9.4,belarus
16,2006-12-31,36.954312354312,3847.4341,10.0,belarus
17,2007-12-31,45.277399813607,4735.6576,8.6,belarus
18,2008-12-31,60.763483146067,6377.3697,10.2,belarus
19,2009-12-31,50.874078052273,5352.5839,0.2,belarus
20,2010-12-31,57.222490768714,6033.6862,7.7983,belarus
21,2011-12-31,61.757788944724,6527.1739,5.3787,belarus
22,2012-12-31,65.685102554876,6953.1325,1.6871,belarus
23,2013-12-31,75.527984234234,7998.1252,1.0035,belarus
24,2014-12-31,78.813839984351,8341.3997,1.7264,belarus
25,2015-12-31,56.454734396584,5967.0522,-3.8296,belarus
26,2016-12-31,47.722657820668,5039.6819,-2.5264,belarus
27,2017-12-31,54.726595249185,5785.6707,2.5322,belarus
28,2018-12-31,60.031262269337,6360.0625,3.1492,belarus
29,2019-12-31,64.409647193804,6837.7178,1.4,belarus
30,2020-12-31,61.489588894821,6555.4268,-0.9,belarus
31,2021-12-31,68.218816484123,7303.6963,2.5067,belarus
0,1960-12-31,11.65872259099,1273.6917,,belgium
1,1961-12-31,12.400145221595,1350.1977,4.9784,belgium
2,1962-12-31,13.264015675319,1438.5232,5.212,belgium
3,1963-12-31,14.260017387049,1535.0237,4.3516,belgium
4,1964-12-31,15.960106680673,1701.8463,6.9567,belgium
5,1965-12-31,17.371457607937,1835.5948,3.5607,belgium
6,1966-12-31,18.651883472481,1957.6261,3.1559,belgium
7,1967-12-31,19.992040788459,2086.636,3.8681,belgium
8,1968-12-31,21.376353113475,2222.3615,4.1941,belgium
9,1969-12-31,23.710735894702,2458.0818,6.6298,belgium
10,1970-12-31,26.706196046793,2765.891,5.5829,belgium
11,1971-12-31,29.821661869912,3082.928,3.9858,belgium
12,1972-12-31,37.209418018513,3831.6319,5.2956,belgium
13,1973-12-31,47.743801490375,4900.9622,6.3817,belgium
14,1974-12-31,56.033077879039,5733.7981,4.5653,belgium
15,1975-12-31,65.678189097291,6701.3774,-1.9659,belgium
16,1976-12-31,71.113882967607,7243.0473,5.6527,belgium
17,1977-12-31,82.839905458638,8426.947,0.6262,belgium
18,1978-12-31,101.24652619444,10289.7684,2.8419,belgium
19,1979-12-31,116.31545679692,11810.6159,2.3411,belgium
20,1980-12-31,126.82931438819,12864.0026,4.4441,belgium
21,1981-12-31,104.73001847023,10622.8025,-0.2793,belgium
22,1982-12-31,92.095926187533,9343.8611,0.595,belgium
23,1983-12-31,87.184239053254,8846.2343,0.3118,belgium
24,1984-12-31,83.349530159173,8457.2688,2.4664,belgium
25,1985-12-31,86.26826414838,8750.8185,1.6518,belgium
26,1986-12-31,120.01878724941,12170.0407,1.8228,belgium
27,1987-12-31,149.39440410589,15135.8523,2.3067,belgium
28,1988-12-31,162.29910367526,16391.0938,4.7232,belgium
29,1989-12-31,164.22105651106,16525.0617,3.4692,belgium
30,1990-12-31,205.33174794785,20600.3753,3.1374,belgium
31,1991-12-31,210.51099940933,21041.6607,1.8331,belgium
32,1992-12-31,234.78165244667,23372.6192,1.5307,belgium
33,1993-12-31,224.72179570895,22283.936,-0.9619,belgium
34,1994-12-31,244.8841294912,24208.5548,3.227,belgium
35,1995-12-31,288.02558839628,28413.8264,2.3848,belgium
36,1996-12-31,279.20143322476,27489.5552,1.3215,belgium
37,1997-12-31,252.70805142084,24820.9381,3.7937,belgium
38,1998-12-31,258.52833963103,25338.4433,1.9618,belgium
39,1999-12-31,258.24573322147,25252.8019,3.5427,belgium
40,2000-12-31,236.79246031247,23098.8865,3.7167,belgium
41,2001-12-31,236.74614160437,23015.0713,1.0996,belgium
42,2002-12-31,258.38359937518,25006.1914,1.7069,belgium
43,2003-12-31,318.08252850659,30655.2093,1.038,belgium
44,2004-12-31,369.21471244321,35429.4078,3.5712,belgium
45,2005-12-31,385.71476223004,36809.7013,2.3217,belgium
46,2006-12-31,408.25984086882,38705.1068,2.5523,belgium
47,2007-12-31,470.92215630945,44319.1654,3.6769,belgium
48,2008-12-31,517.32808792008,48303.398,0.4469,belgium
49,2009-12-31,483.25417109781,44760.2912,-2.0207,belgium
50,2010-12-31,481.420882905,44184.9464,2.8643,belgium
51,2011-12-31,523.33035413813,47410.5669,1.6945,belgium
52,2012-12-31,496.15287992473,44670.5607,0.7392,belgium
53,2013-12-31,521.79101524706,46757.9519,0.4592,belgium
54,2014-12-31,535.39020013102,47764.0715,1.5785,belgium
55,2015-12-31,462.33557484148,41008.2967,2.0415,belgium
56,2016-12-31,476.06275735693,42012.6227,1.2667,belgium
57,2017-12-31,502.76472055635,44198.4824,1.6196,belgium
58,2018-12-31,543.34736803835,47549.208,1.8439,belgium
59,2019-12-31,535.37625814667,46599.1113,2.1115,belgium
60,2020-12-31,521.67694213463,45189.3669,-5.6807,belgium
61,2021-12-31,599.87902537751,51767.7886,6.2447,belgium
0,1980-12-31,19.839230769231,2238.803,,bulgaria
1,1981-12-31,19.87,2234.8148,4.9002,bulgaria
2,1982-12-31,19.342,2169.004,2.3346,bulgaria
3,1983-12-31,16.563666666667,1852.8134,3.4303,bulgaria
4,1984-12-31,17.594944444444,1963.5727,3.3964,bulgaria
5,1985-12-31,17.155421052632,1914.5506,2.6834,bulgaria
6,1986-12-31,20.249294117647,2260.4273,4.2076,bulgaria
7,1987-12-31,28.101,3132.3014,6.0545,bulgaria
8,1988-12-31,22.555941176471,2511.3931,10.9447,bulgaria
9,1989-12-31,21.988444444444,2477.0208,-3.2899,bulgaria
10,1990-12-31,20.632090909091,2366.5298,-9.1174,bulgaria
11,1991-12-31,10.943548387097,1267.7344,-8.4454,bulgaria
12,1992-12-31,10.350515463917,1211.9809,-7.2724,bulgaria
13,1993-12-31,10.829710144927,1278.2472,-1.4802,bulgaria
14,1994-12-31,9.6974169741697,1148.4944,1.818,bulgaria
15,1995-12-31,18.983303571429,2258.286,2.8551,bulgaria
16,1996-12-31,12.294221472737,1470.1037,5.2054,bulgaria
17,1997-12-31,11.315986087163,1361.3924,-14.1154,bulgaria
18,1998-12-31,15.030695296524,1820.4051,3.7891,bulgaria
19,1999-12-31,13.627323284541,1659.7183,-8.3961,bulgaria
20,2000-12-31,13.245833843545,1621.243,4.5872,bulgaria
21,2001-12-31,14.183497963107,1770.9135,3.8237,bulgaria
22,2002-12-31,16.402846413096,2092.9577,5.8719,bulgaria
23,2003-12-31,21.144983551682,2719.4977,5.2372,bulgaria
24,2004-12-31,26.157894736842,3389.707,6.5104,bulgaria
25,2005-12-31,29.869283400038,3899.9076,7.0563,bulgaria
26,2006-12-31,34.379808888604,4523.0508,6.8026,bulgaria
27,2007-12-31,44.405101469559,5885.1043,6.5914,bulgaria
28,2008-12-31,54.438966419864,7265.7355,6.116,bulgaria
29,2009-12-31,52.023504656288,6988.2333,-3.2719,bulgaria
30,2010-12-31,50.682061053202,6853.0029,1.5418,bulgaria
31,2011-12-31,57.678241023818,7849.1653,2.1012,bulgaria
32,2012-12-31,54.300857424441,7432.4788,0.7549,bulgaria
33,2013-12-31,55.810138436482,7681.9346,-0.5605,bulgaria
34,2014-12-31,57.082011260345,7901.7859,0.9669,bulgaria
35,2015-12-31,50.781996712763,7074.681,3.4281,bulgaria
36,2016-12-31,53.953897624434,7569.4788,3.0398,bulgaria
37,2017-12-31,59.199447421492,8366.2932,2.7622,bulgaria
38,2018-12-31,66.363422450211,9446.7008,2.6846,bulgaria
39,2019-12-31,68.915416141958,9879.2685,4.0376,bulgaria
40,2020-12-31,69.889347433432,10079.2034,-4.3871,bulgaria
41,2021-12-31,80.271119426108,11634.971,4.1779,bulgaria
0,1995-12-31,22.717081924714,4917.0854,,croatia
1,1996-12-31,24.075166261378,5283.005,5.9757,croatia
2,1997-12-31,24.091170702556,5312.3695,6.132,croatia
3,1998-12-31,25.792876643509,5691.1095,2.2058,croatia
4,1999-12-31,23.677307509466,5246.936,-0.8764,croatia
5,2000-12-31,21.839780971027,4887.7137,2.8955,croatia
6,2001-12-31,23.273640257197,5412.9251,3.0325,croatia
7,2002-12-31,27.074550257812,6293.2253,5.7221,croatia
8,2003-12-31,34.985749883417,8129.7946,5.5259,croatia
9,2004-12-31,41.9588335411,9747.4408,4.1493,croatia
10,2005-12-31,45.780237257187,10621.5075,4.3124,croatia
11,2006-12-31,50.860788253218,11797.4745,4.9384,croatia
12,2007-12-31,60.542673502532,14046.3168,4.9128,croatia
13,2008-12-31,70.750646248056,16416.5868,1.8954,croatia
14,2009-12-31,63.084004705081,14653.0436,-7.2817,croatia
15,2010-12-31,60.426018629299,14067.5231,-1.2507,croatia
16,2011-12-31,63.169910822129,14757.1803,-0.0852,croatia
17,2012-12-31,57.192346923335,13401.6566,-2.2757,croatia
18,2013-12-31,58.889082315336,13837.7316,-0.3631,croatia
19,2014-12-31,58.330289756691,13762.3729,-0.3459,croatia
20,2015-12-31,50.163192883151,11933.3774,2.5257,croatia
21,2016-12-31,52.295158344254,12527.7399,3.5324,croatia
22,2017-12-31,56.2144274312,13629.2896,3.4141,croatia
23,2018-12-31,62.247874948822,15227.5601,2.9,croatia
24,2019-12-31,62.246206340547,15311.7669,3.4819,croatia
25,2020-12-31,57.203783203026,14132.4866,-8.0998,croatia
26,2021-12-31,67.837788543585,17398.766,10.4489,croatia
0,1966-12-31,11.931739858705,2487.1362,2.7409,denmark
1,1967-12-31,13.059064374629,2700.7463,5.5304,denmark
2,1968-12-31,13.505573866667,2776.1354,5.5531,denmark
3,1969-12-31,15.414902266667,3151.1332,6.5092,denmark
4,1970-12-31,17.0754576,3464.4552,1.5968,denmark
5,1971-12-31,19.085731252441,3845.5061,3.005,denmark
6,1972-12-31,23.232379951938,4654.2989,3.9294,denmark
7,1973-12-31,30.730626663361,6119.3702,4.0929,denmark
8,1974-12-31,34.16044479811,6770.75,-1.1224,denmark
9,1975-12-31,40.474406216282,7999.1127,-1.4566,denmark
10,1976-12-31,44.575892473118,8787.5897,5.9246,denmark
11,1977-12-31,49.784338519456,9783.852,1.8703,denmark
12,1978-12-31,60.362931853625,11826.0186,2.2263,denmark
13,1979-12-31,70.366241969207,13751.9989,3.8691,denmark
14,1980-12-31,71.127528699941,13883.8871,-0.483,denmark
15,1981-12-31,61.877813965241,12081.801,-0.6661,denmark
16,1982-12-31,60.412844678604,11804.4329,3.6846,denmark
17,1983-12-31,60.644782176052,11857.8921,2.5961,denmark
18,1984-12-31,59.105236853794,11562.9191,4.1661,denmark
19,1985-12-31,62.658568287343,12253.1002,4.0038,denmark
20,1986-12-31,88.078760103819,17201.0888,4.9042,denmark
21,1987-12-31,109.41442392877,21340.7279,0.2543,denmark
22,1988-12-31,115.55284661665,22527.0467,-0.0136,denmark
23,1989-12-31,112.4092221827,21901.0547,0.6452,denmark
24,1990-12-31,138.24728581586,26891.4464,1.4752,denmark
25,1991-12-31,139.2246888142,27011.3775,1.3936,denmark
26,1992-12-31,152.91565447889,29569.6604,1.957,denmark
27,1993-12-31,143.19562701461,27597.9752,0.0107,denmark
28,1994-12-31,156.16238672452,29995.5796,5.3325,denmark
29,1995-12-31,185.00688151507,35351.3655,3.0276,denmark
30,1996-12-31,187.63234638798,35650.7141,2.9001,denmark
31,1997-12-31,173.53764705882,32835.9399,3.2609,denmark
32,1998-12-31,176.99193499284,33368.1424,2.2182,denmark
33,1999-12-31,177.96518835469,33440.7948,2.948,denmark
34,2000-12-31,164.15873909762,30743.5477,3.7469,denmark
35,2001-12-31,164.79144254338,30751.6543,0.8232,denmark
36,2002-12-31,178.63516371743,33228.6935,0.4663,denmark
37,2003-12-31,218.09603351701,40458.7774,0.3901,denmark
38,2004-12-31,251.37300295438,46511.5983,2.6682,denmark
39,2005-12-31,264.46733645717,48799.8256,2.3366,denmark
40,2006-12-31,282.88494770297,52026.9995,3.913,denmark
41,2007-12-31,319.42342450907,58487.055,0.9092,denmark
42,2008-12-31,353.36103881838,64322.0635,-0.512,denmark
43,2009-12-31,321.24130369901,58163.2769,-4.9065,denmark
44,2010-12-31,321.9952794015,58041.3984,1.871,denmark
45,2011-12-31,344.00313761127,61753.6471,1.3368,denmark
46,2012-12-31,327.14894381214,58507.5081,0.2265,denmark
47,2013-12-31,343.58439164793,61191.1937,0.9333,denmark
48,2014-12-31,352.99363161771,62548.9847,1.6194,denmark
49,2015-12-31,302.67307084686,53254.8564,2.3426,denmark
50,2016-12-31,313.11592931434,54663.9984,3.246,denmark
51,2017-12-31,332.12106380639,57610.0982,2.8217,denmark
52,2018-12-31,356.84121641007,61591.9289,1.9895,denmark
53,2019-12-31,347.56134921098,59775.7351,2.1147,denmark
54,2020-12-31,356.08486768564,61063.3164,-2.0621,denmark
55,2021-12-31,397.1043434783,67803.0471,4.6934,denmark
56,6.3788,,,,denmark
57,5.6668,,,,denmark
58,0.637,,,,denmark
59,9.2699,,,,denmark
60,4.5553,,,,denmark
0,1995-12-31,4.5029708890637,3134.3898,,estonia
1,1996-12-31,4.7860189881649,3380.9263,4.943,estonia
2,1997-12-31,5.1544206492335,3682.9523,13.05,estonia
3,1998-12-31,5.6740805428858,4093.3925,4.3398,estonia
4,1999-12-31,5.7569122657581,4140.9366,-0.425,estonia
5,2000-12-31,5.6865797475352,4070.609,10.0876,estonia
6,2001-12-31,6.2546495389849,4505.8583,6.0037,estonia
7,2002-12-31,7.3679758877272,5341.6289,6.7714,estonia
8,2003-12-31,9.8740130984643,7203.523,7.6003,estonia
9,2004-12-31,12.145911801242,8914.1036,6.804,estonia
10,2005-12-31,14.106790200224,10412.6443,9.5264,estonia
11,2006-12-31,17.022870405219,12639.4001,9.7656,estonia
12,2007-12-31,22.449129482617,16744.5845,7.5791,estonia
13,2008-12-31,24.341678628973,18204.9665,-5.132,estonia
14,2009-12-31,19.63303139761,14711.7353,-14.6291,estonia
15,2010-12-31,19.523477325623,14663.0446,2.4443,estonia
16,2011-12-31,23.213994093463,17487.8048,7.2631,estonia
17,2012-12-31,23.019150071187,17403.2053,3.2282,estonia
18,2013-12-31,25.115753366111,19056.0019,1.4584,estonia
19,2014-12-31,26.634083965099,20261.0667,3.0114,estonia
20,2015-12-31,22.890762090151,17402.0376,1.853,estonia
21,2016-12-31,24.072829276774,18295.3429,3.1556,estonia
22,2017-12-31,26.924385103066,20437.7654,5.792,estonia
23,2018-12-31,30.489500904856,23063.5638,4.1338,estonia
24,2019-12-31,31.04559175349,23397.8783,4.0963,estonia
25,2020-12-31,30.650285471721,23054.3585,-2.9511,estonia
26,2021-12-31,36.262924353604,27280.6584,8.3495,estonia
0,1960-12-31,5.2241021955277,1179.353,,finland
1,1961-12-31,5.9216594850328,1327.4272,7.6047,finland
2,1962-12-31,6.3405808543907,1411.7024,2.9819,finland
3,1963-12-31,6.8859203286619,1522.3192,3.2851,finland
4,1964-12-31,7.7666550857859,1707.5039,5.2387,finland
5,1965-12-31,8.5893400190299,1882.0869,5.3029,finland
6,1966-12-31,9.2085245048768,2010.2135,2.3728,finland
7,1967-12-31,9.3689540103132,2034.189,2.1688,finland
8,1968-12-31,8.8230338803299,1907.0773,2.3033,finland
9,1969-12-31,10.070766720501,2178.0353,9.5933,finland
10,1970-12-31,11.357516987542,2465.6448,4.8137,finland
11,1971-12-31,12.52740551293,2716.1901,2.3569,finland
12,1972-12-31,14.743186119874,3177.6457,7.7355,finland
13,1973-12-31,19.472363466625,4173.173,6.9838,finland
14,1974-12-31,24.848821490468,5297.6078,3.2365,finland
15,1975-12-31,29.472623242282,6255.5446,1.8049,finland
16,1976-12-31,31.849513771349,6739.6907,0.3444,finland
17,1977-12-31,33.499799321234,7069.1057,0.2395,finland
18,1978-12-31,36.256160288809,7628.8157,2.9197,finland
19,1979-12-31,44.465255686155,9332.2453,7.1219,finland
20,1980-12-31,53.645202422697,11223.9376,5.389,finland
21,1981-12-31,52.44833287407,10926.818,1.3159,finland
22,1982-12-31,52.797582336253,10938.1221,3.1081,finland
23,1983-12-31,50.973526900085,10497.48,3.1166,finland
24,1984-12-31,52.888800949743,10833.8663,3.2377,finland
25,1985-12-31,55.875863392172,11398.106,3.5489,finland
26,1986-12-31,73.531550551255,14951.0468,2.7556,finland
27,1987-12-31,91.594751792236,18571.0599,3.5748,finland
28,1988-12-31,109.05899076048,22047.7933,5.2172,finland
29,1989-12-31,119.01205487045,23973.2395,5.0871,finland
30,1990-12-31,141.43834551392,28364.6451,0.6703,finland
31,1991-12-31,127.77385678577,25484.7393,-5.8863,finland
32,1992-12-31,112.53251924608,22319.0595,-3.2947,finland
33,1993-12-31,89.214114708025,17608.8124,-0.662,finland
34,1994-12-31,103.2999430848,20301.3331,3.9631,finland
35,1995-12-31,134.18981481482,26271.5998,4.2169,finland
36,1996-12-31,132.12917421693,25783.4505,3.6672,finland
37,1997-12-31,126.91215210171,24691.8728,6.3338,finland
38,1998-12-31,134.03871829106,26009.2695,5.4572,finland
39,1999-12-31,135.26408365869,26186.19,4.3796,finland
40,2000-12-31,126.01954341333,24345.9148,5.7734,finland
41,2001-12-31,129.53310731181,24967.7925,2.61,finland
42,2002-12-31,140.40446020314,26997.753,1.7071,finland
43,2003-12-31,171.65245834941,32927.6803,2.0038,finland
44,2004-12-31,197.47944397915,37772.1781,3.9921,finland
45,2005-12-31,204.88549468638,39054.8504,2.7799,finland
46,2006-12-31,217.08926979176,41222.602,4.0274,finland
47,2007-12-31,256.37806775216,48476.3927,5.2993,finland
48,2008-12-31,285.71631113672,53772.7942,0.784,finland
49,2009-12-31,253.49752082852,47481.4845,-8.0744,finland
50,2010-12-31,249.42431081667,46505.3032,3.186,finland
51,2011-12-31,275.60435616732,51148.9316,2.5477,finland
52,2012-12-31,258.29006022773,47708.0613,-1.3975,finland
53,2013-12-31,271.36240589059,49892.2234,-0.9017,finland
54,2014-12-31,274.86282677216,50327.2403,-0.3649,finland
55,2015-12-31,234.53438238477,42801.9081,0.5437,finland
56,2016-12-31,240.77135129883,43814.0265,2.8115,finland
57,2017-12-31,255.64797991647,46412.1365,3.1924,finland
58,2018-12-31,275.7150874949,49988.9108,1.1419,finland
59,2019-12-31,268.50820012549,48628.6418,1.2208,finland
60,2020-12-31,271.83696294942,49160.8372,-2.2993,finland
61,2021-12-31,299.15523758914,53982.6143,3.4745,finland
0,1960-12-31,62.225478000882,1334.6895,,france
1,1961-12-31,67.461644222035,1428.046,4.9801,france
2,1962-12-31,75.607529809929,1578.2845,6.8435,france
3,1963-12-31,84.759195105869,1744.6401,6.2337,france
4,1964-12-31,94.007851047368,1909.5416,6.6521,france
5,1965-12-31,101.53724814843,2038.1631,4.8615,france
6,1966-12-31,110.04585217793,2186.4746,5.2518,france
7,1967-12-31,118.97297748621,2343.1045,4.9211,france
8,1968-12-31,129.78544150746,2536.0851,4.4913,france
9,1969-12-31,141.90306868031,2752.0951,7.1095,france
10,1970-12-31,148.45635998583,2857.2517,6.1087,france
11,1971-12-31,165.9666153664,3169.0363,5.3167,france
12,1972-12-31,203.49414824447,3854.5558,4.5114,france
13,1973-12-31,264.42987625221,4969.763,6.3446,france
14,1974-12-31,285.55237315876,5328.2415,4.3009,france
15,1975-12-31,360.83218601805,6690.5783,-0.9599,france
16,1976-12-31,372.31903851407,6866.8169,4.3568,france
17,1977-12-31,410.27948649372,7532.527,3.4643,france
18,1978-12-31,506.70784883721,9264.7753,3.9785,france
19,1979-12-31,613.95312981807,11179.6329,3.55,france
20,1980-12-31,701.28841974542,12713.3652,1.5787,france
21,1981-12-31,615.5522027761,11104.9813,1.069,france
22,1982-12-31,584.87773230861,10496.9286,2.5054,france
23,1983-12-31,559.86917979172,9993.4212,1.2409,france
24,1984-12-31,530.68377992944,9419.6961,1.5137,france
25,1985-12-31,553.13841436706,9763.3274,1.6228,france
26,1986-12-31,771.47078321811,13540.2464,2.3373,france
27,1987-12-31,934.17330568591,16302.4474,2.5619,france
28,1988-12-31,1018.8470432772,17679.9967,4.7431,france
29,1989-12-31,1025.2118034135,17694.3093,4.3439,france
30,1990-12-31,1269.1796169136,21793.8355,2.9239,france
31,1991-12-31,1269.2768282758,21675.065,1.0482,france
32,1992-12-31,1401.4659231722,23813.7122,1.5993,france
33,1993-12-31,1322.815612694,22380.1077,-0.6287,france
34,1994-12-31,1393.9827504726,23496.5202,2.3583,france
35,1995-12-31,1601.0947562097,26890.2176,2.1067,france
36,1996-12-31,1605.6750865496,26871.8313,1.413,france
37,1997-12-31,1452.8849179591,24228.9464,2.3363,france
38,1998-12-31,1503.1087391594,24974.2739,3.5887,france
39,1999-12-31,1493.1517376985,24681.537,3.4214,france
40,2000-12-31,1365.6396607922,22419.6948,3.9237,france
41,2001-12-31,1377.6573392913,22452.9824,1.9837,france
42,2002-12-31,1501.4093829714,24292.5802,1.1355,france
43,2003-12-31,1844.5447920369,29633.679,0.8232,france
44,2004-12-31,2119.6331816344,33803.3096,2.8298,france
45,2005-12-31,2196.9452324358,34773.1501,1.6632,france
46,2006-12-31,2320.5362213047,36474.1596,2.4493,france
47,2007-12-31,2660.5912462118,41561.2005,2.4247,france
48,2008-12-31,2930.3037808281,45519.2969,0.2549,france
49,2009-12-31,2700.887366932,41740.243,-2.8733,france
50,2010-12-31,2645.1878821167,40677.9851,1.9494,france
51,2011-12-31,2865.1575419942,43848.1061,2.1927,france
52,2012-12-31,2683.6717169672,40872.3625,0.3131,france
53,2013-12-31,2811.876903329,42605.0444,0.5763,france
54,2014-12-31,2855.9644885902,43068.5487,0.9562,france
55,2015-12-31,2439.1886431625,36652.9223,1.1129,france
56,2016-12-31,2472.9643445872,37062.5336,1.0955,france
57,2017-12-31,2595.1510451977,38781.0495,2.2914,france
58,2018-12-31,2790.9568787467,41592.7959,1.8651,france
59,2019-12-31,2728.8702467059,40578.6443,1.843,france
60,2020-12-31,2630.3177314553,39037.1226,-7.8553,france
61,2021-12-31,2937.4727579534,43518.5385,6.9636,france
0,1970-12-31,215.83844813766,2761.1668,,germany
1,1971-12-31,249.9850554843,3192.1336,3.1327,germany
2,1972-12-31,299.80154204748,3809.9814,4.3003,germany
3,1973-12-31,398.3740219539,5046.7551,4.7775,germany
4,1974-12-31,445.30348424155,5639.0776,0.8901,germany
5,1975-12-31,490.63651721122,6236.3589,-0.8667,germany
6,1976-12-31,519.75445316141,6634.8569,4.9493,germany
7,1977-12-31,600.49823801904,7682.9538,3.3472,germany
8,1978-12-31,740.46998344693,9482.0428,3.0085,germany
9,1979-12-31,881.34517660869,11281.0233,4.1504,germany
10,1980-12-31,950.29085646654,12138.3081,1.4088,germany
11,1981-12-31,800.47205538728,10209.0731,0.5292,germany
12,1982-12-31,776.57643910696,9913.7376,-0.3948,germany
13,1983-12-31,770.6843232478,9864.3449,1.5724,germany
14,1984-12-31,725.11112363411,9313.1694,2.8229,germany
15,1985-12-31,732.5348870582,9429.5692,2.3279,germany
16,1986-12-31,1046.2593749437,13461.831,2.2873,germany
17,1987-12-31,1298.1761055495,16677.5108,1.4022,germany
18,1988-12-31,1401.2332253035,17931.2823,3.7072,germany
19,1989-12-31,1398.9674368043,17764.3764,3.8966,germany
20,1990-12-31,1771.6712068757,22303.9613,5.255,germany
21,1991-12-31,1868.9451974072,23357.7577,5.1083,germany
22,1992-12-31,2131.5716969318,26438.2304,1.9231,germany
23,1993-12-31,2071.3237903703,25522.6296,-0.9768,germany
24,1994-12-31,2205.074123177,27076.6068,2.3919,germany
25,1995-12-31,2585.7922751467,31658.3494,1.5441,germany
26,1996-12-31,2497.2446061866,30485.8665,0.8058,germany
27,1997-12-31,2211.98962328,26964.0495,1.7922,germany
28,1998-12-31,2238.9907747027,27289.0594,2.0139,germany
29,1999-12-31,2194.9452788726,26734.9425,1.8873,germany
30,2000-12-31,1947.9819910118,23694.7605,2.9125,germany
31,2001-12-31,1945.7909738031,23628.3272,1.6815,germany
32,2002-12-31,2078.4845174745,25197.2656,-0.198,germany
33,2003-12-31,2501.6403884824,30310.3576,-0.7001,germany
34,2004-12-31,2814.3538693591,34106.6581,1.1751,germany
35,2005-12-31,2846.8642111751,34520.2396,0.7317,germany
36,2006-12-31,2994.7036420235,36353.8803,3.8164,germany
37,2007-12-31,3425.5783829216,41640.0809,2.9765,germany
38,2008-12-31,3745.2640936172,45612.7106,0.9599,germany
39,2009-12-31,3411.2612126523,41650.3678,-5.6938,germany
40,2010-12-31,3399.66782,41572.4559,4.1799,germany
41,2011-12-31,3749.3149910506,46705.8958,3.9252,germany
42,2012-12-31,3527.1431887852,43855.8545,0.4185,germany
43,2013-12-31,3733.804649549,46298.9229,0.4376,germany
44,2014-12-31,3889.0930510235,48023.87,2.2095,germany
45,2015-12-31,3357.5857193516,41103.2564,1.4919,germany
46,2016-12-31,3469.8534639455,42136.1208,2.23,germany
47,2017-12-31,3690.8491525177,44652.5892,2.6802,germany
48,2018-12-31,3977.2894553882,47973.6076,1.086,germany
49,2019-12-31,3888.3267886274,46794.8993,1.0555,germany
50,2020-12-31,3846.4139286537,46252.6893,-4.5696,germany
51,2021-12-31,4223.1162059689,50801.7867,2.8926,germany
0,1960-12-31,4.3351860168394,520.3227,,greece
1,1961-12-31,4.9614004393172,590.7801,13.2038,greece
2,1962-12-31,5.213047711427,617.0578,0.3648,greece
3,1963-12-31,5.895278024092,695.2286,11.8449,greece
4,1964-12-31,6.6696732571183,783.7059,9.4097,greece
5,1965-12-31,7.6891540533587,899.2812,10.768,greece
6,1966-12-31,8.5915179436013,997.4305,6.4945,greece
7,1967-12-31,9.2756008003564,1068.1146,5.6695,greece
8,1968-12-31,10.090675902536,1154.4385,7.2037,greece
9,1969-12-31,11.615657031239,1324.059,11.5637,greece
10,1970-12-31,13.139863636364,1494.388,8.5657,greece
11,1971-12-31,14.59175,1652.326,7.8412,greece
12,1972-12-31,16.885511363636,1899.6758,10.1602,greece
13,1973-12-31,22.347848101266,2502.8147,8.0924,greece
14,1974-12-31,25.351306818182,2828.7486,-6.4382,greece
15,1975-12-31,28.525876726886,3153.2358,6.3668,greece
16,1976-12-31,31.152835820896,3390.545,6.8519,greece
17,1977-12-31,36.176234967623,3886.3745,2.941,greece
18,1978-12-31,44.270204081633,4694.6338,7.2469,greece
19,1979-12-31,54.481876724931,5705.9494,3.2821,greece
20,1980-12-31,56.829664268585,5893.6619,0.6771,greece
21,1981-12-31,52.346506765068,5380.2676,-1.5537,greece
22,1982-12-31,54.617989795918,5579.2346,-1.1326,greece
23,1983-12-31,49.428873839009,5019.8788,-1.0786,greece
24,1984-12-31,48.020024183797,4852.5657,2.0106,greece
25,1985-12-31,47.820851221317,4813.7112,2.5096,greece
26,1986-12-31,56.379593476144,5656.5053,0.5177,greece
27,1987-12-31,65.652750377454,6564.8844,-2.2589,greece
28,1988-12-31,76.261277924574,7598.028,4.2879,greece
29,1989-12-31,79.169043222828,7846.6781,3.8,greece
30,1990-12-31,97.891092003439,9600.1852,0.0,greece
31,1991-12-31,105.14323237988,10188.3698,3.1,greece
32,1992-12-31,116.22467286378,11176.4584,0.7,greece
33,1993-12-31,108.80905915577,10401.983,-1.6,greece
34,1994-12-31,116.60180196629,11091.2838,2.0,greece
35,1995-12-31,136.87836593617,12959.3243,2.0997,greece
36,1996-12-31,145.86161240091,13749.1151,2.8621,greece
37,1997-12-31,143.15760014976,13427.8325,4.4842,greece
38,1998-12-31,144.42817248933,13472.1376,3.8949,greece
39,1999-12-31,142.58887529375,13249.6633,3.0726,greece
40,2000-12-31,130.45775662844,12072.9294,3.9198,greece
41,2001-12-31,136.30929522534,12549.0369,4.1316,greece
42,2002-12-31,154.56420358695,14177.5722,3.9229,greece
43,2003-12-31,202.37014023627,18518.3788,5.7945,greece
44,2004-12-31,240.96356223613,21995.4779,5.061,greece
45,2005-12-31,247.87542220441,22560.1473,0.5991,greece
46,2006-12-31,273.54672847307,24821.9367,5.6524,greece
47,2007-12-31,318.90282955073,28863.9733,3.2737,greece
48,2008-12-31,355.90868947745,32127.9832,-0.3352,greece
49,2009-12-31,331.30850025327,29828.756,-4.3007,greece
50,2010-12-31,297.1249619715,26716.6488,-5.4786,greece
51,2011-12-31,282.99594200656,25483.8826,-10.1493,greece
52,2012-12-31,242.02930713341,21912.9983,-7.0867,greece
53,2013-12-31,238.90769005113,21787.7878,-2.516,greece
54,2014-12-31,235.45813312461,21616.71,0.4757,greece
55,2015-12-31,195.68352700337,18083.8779,-0.1961,greece
56,2016-12-31,193.14814658693,17923.9668,-0.4872,greece
57,2017-12-31,199.84440601353,18582.0893,1.0921,greece
58,2018-12-31,212.04944724211,19756.9905,1.6684,greece
59,2019-12-31,205.14415283085,19133.7578,1.8036,greece
60,2020-12-31,188.83520162591,17647.2327,-9.0191,greece
61,2021-12-31,216.24058948526,20276.5447,8.3361,greece
0,1991-12-31,34.753569692915,3350.2583,,hungary
1,1992-12-31,38.730585922219,3735.1058,-3.0642,hungary
2,1993-12-31,40.124916940594,3873.9877,-0.5761,hungary
3,1994-12-31,43.166678735218,4173.373,2.9472,hungary
4,1995-12-31,46.425677734143,4494.7076,1.4895,hungary
5,1996-12-31,46.658755151602,4525.0391,0.0824,hungary
6,1997-12-31,47.296952928756,4596.1826,3.1431,hungary
7,1998-12-31,48.706787306257,4744.2123,3.9,hungary
8,1999-12-31,49.073380173716,4793.4785,3.071,hungary
9,2000-12-31,47.218405892426,4624.2817,4.4792,hungary
10,2001-12-31,53.74998909202,5276.0332,4.0741,hungary
11,2002-12-31,67.608919144368,6655.333,4.7413,hungary
12,2003-12-31,85.302003908042,8421.1033,4.0845,hungary
13,2004-12-31,104.14104262579,10303.7042,5.0004,hungary
14,2005-12-31,113.23671163554,11225.9326,4.2953,hungary
15,2006-12-31,115.75126669518,11493.1004,3.9478,hungary
16,2007-12-31,140.22756061512,13944.971,0.277,hungary
17,2008-12-31,158.37441964102,15777.192,1.0065,hungary
18,2009-12-31,131.11422904918,13081.7926,-6.5955,hungary
19,2010-12-31,132.23113415861,13223.083,1.0831,hungary
20,2011-12-31,141.99996020989,14240.2575,1.8602,hungary
21,2012-12-31,128.85737047663,12989.1803,-1.2577,hungary
22,2013-12-31,135.73259572185,13719.9505,1.8064,hungary
23,2014-12-31,141.07898481667,14298.8337,4.2237,hungary
24,2015-12-31,125.21032461314,12720.712,3.7033,hungary
25,2016-12-31,128.63610831547,13107.3779,2.192,hungary
26,2017-12-31,143.13624559699,14623.6966,4.2686,hungary
27,2018-12-31,160.58683377846,16427.3728,5.3595,hungary
28,2019-12-31,163.52649143329,16735.6598,4.5541,hungary
29,2020-12-31,156.74313466596,16075.9733,-4.4632,hungary
30,2021-12-31,182.28051758121,18772.6733,7.0966,hungary
0,1960-12-31,0.2484340969687,1414.9823,,iceland
1,1961-12-31,0.2538856563293,1418.1259,-0.0847,iceland
2,1962-12-31,0.2849165161595,1562.2307,8.3137,iceland
3,1963-12-31,0.3400616501199,1831.7057,10.2834,iceland
4,1964-12-31,0.4342679369146,2297.9206,9.9165,iceland
5,1965-12-31,0.5236949493707,2723.5209,7.3717,iceland
6,1966-12-31,0.6288933103999,3215.6942,8.7359,iceland
7,1967-12-31,0.6212259621547,3125.6495,-1.2673,iceland
8,1968-12-31,0.4743994716224,2354.48,-5.4749,iceland
9,1969-12-31,0.414709311353,2039.1963,2.3746,iceland
10,1970-12-31,0.5267045454545,2576.3534,,iceland
11,1971-12-31,0.6702511363636,3252.0992,,iceland
12,1972-12-31,0.8396521640607,4014.8427,,iceland
13,1973-12-31,1.1544402529679,5437.3425,,iceland
14,1974-12-31,1.5151905952977,7040.554,,iceland
15,1975-12-31,1.4068750813273,6454.1772,,iceland
16,1976-12-31,1.6694883899654,7583.2753,,iceland
17,1977-12-31,2.208509076281,9957.2544,,iceland
18,1978-12-31,2.511826196009,11236.7357,,iceland
19,1979-12-31,2.8534350538854,12640.6408,,iceland
20,1980-12-31,3.3814192512923,14821.8151,,iceland
21,1981-12-31,3.4929970100496,15137.2538,,iceland
22,1982-12-31,3.2066266445371,13711.7363,,iceland
23,1983-12-31,2.765950335711,11671.8092,,iceland
24,1984-12-31,2.8644413874051,11959.54,,iceland
25,1985-12-31,2.9840523565507,12361.187,,iceland
26,1986-12-31,3.9896227392821,16406.0479,,iceland
27,1987-12-31,5.5203184046415,22453.1882,,iceland
28,1988-12-31,6.1066358162459,24451.9733,,iceland
29,1989-12-31,5.6725694490707,22434.3468,,iceland
30,1990-12-31,6.4687363555568,25384.915,,iceland
31,1991-12-31,6.9097302881706,26802.9895,,iceland
32,1992-12-31,7.0809817380561,27124.2745,,iceland
33,1993-12-31,6.2185815316435,23579.7954,,iceland
34,1994-12-31,6.3894603427866,24018.6314,,iceland
35,1995-12-31,7.1236334181974,26633.5914,,iceland
36,1996-12-31,7.4260822706767,27614.877,4.5671,iceland
37,1997-12-31,7.5696669736532,27919.1635,5.7715,iceland
38,1998-12-31,8.5036930986227,31030.0536,7.3628,iceland
39,1999-12-31,8.9820475894895,32381.6252,4.0349,iceland
40,2000-12-31,9.0256603617584,32096.3723,4.985,iceland
41,2001-12-31,8.2348468046058,28897.4439,4.0135,iceland
42,2002-12-31,9.3183950548593,32409.2161,0.5595,iceland
43,2003-12-31,11.429333037844,39476.6978,2.1427,iceland
44,2004-12-31,13.82530253577,47334.9307,7.8024,iceland
45,2005-12-31,16.85296306705,56794.8502,6.1244,iceland
46,2006-12-31,17.465318552294,57492.9342,6.317,iceland
47,2007-12-31,21.652505596753,69495.7267,8.4549,iceland
48,2008-12-31,18.074622987019,56943.3704,2.2095,iceland
49,2009-12-31,13.154414219207,41301.2732,-7.6638,iceland
50,2010-12-31,13.75116191774,43237.0729,-2.8328,iceland
51,2011-12-31,15.221622925932,47714.5922,1.8458,iceland
52,2012-12-31,14.751508133544,45995.5479,1.0636,iceland
53,2013-12-31,16.125060515312,49804.983,4.5525,iceland
54,2014-12-31,17.867662177891,54576.7448,1.6872,iceland
55,2015-12-31,17.517210519091,52951.6815,4.4367,iceland
56,2016-12-31,20.793168030952,61987.9264,6.3037,iceland
57,2017-12-31,24.72828517746,72010.149,4.1949,iceland
58,2018-12-31,26.26706375755,74469.8041,4.8922,iceland
59,2019-12-31,24.85774044504,68941.4622,2.4348,iceland
60,2020-12-31,21.718075725205,59264.0341,-6.5039,iceland
61,2021-12-31,25.458933915874,68383.7653,3.6998,iceland
0,1960-12-31,1.9393297754374,685.6147,,ireland
1,1961-12-31,2.0880122823567,739.2764,,ireland
2,1962-12-31,2.2603496840863,797.0063,,ireland
3,1963-12-31,2.4308437684455,852.1353,,ireland
4,1964-12-31,2.766608945874,965.1354,,ireland
5,1965-12-31,2.9457041429977,1023.7737,,ireland
6,1966-12-31,3.1040343932316,1074.5065,,ireland
7,1967-12-31,3.3436367733676,1152.005,,ireland
8,1968-12-31,3.2785844783302,1124.5166,,ireland
9,1969-12-31,3.7870773437278,1291.3499,,ireland
10,1970-12-31,4.3959950859951,1486.5145,,ireland
11,1971-12-31,5.0982502874665,1703.9322,3.4699,ireland
12,1972-12-31,6.3180605822187,2080.4651,6.4898,ireland
13,1973-12-31,7.481173065792,2424.269,4.7214,ireland
14,1974-12-31,7.896860614988,2516.9277,4.2602,ireland
15,1975-12-31,9.4838083623693,2973.4001,5.6566,ireland
16,1976-12-31,9.4537560147184,2919.5831,1.3948,ireland
17,1977-12-31,11.248340431378,3427.0734,8.2113,ireland
18,1978-12-31,14.647996073694,4399.9868,7.1867,ireland
19,1979-12-31,18.319334300451,5429.962,3.073,ireland
20,1980-12-31,21.747855640071,6372.4378,3.0793,ireland
21,1981-12-31,20.670190138167,5986.1541,3.3252,ireland
22,1982-12-31,21.474752962218,6160.6383,2.2835,ireland
23,1983-12-31,20.766047763531,5915.2418,-0.2443,ireland
24,1984-12-31,20.10664845484,5692.0274,4.3544,ireland
25,1985-12-31,21.27001332556,6011.7355,3.0856,ireland
26,1986-12-31,28.71457185248,8112.1714,-0.4283,ireland
27,1987-12-31,33.920518492509,9581.9131,4.6631,ireland
28,1988-12-31,37.772896220756,10715.8703,5.2174,ireland
29,1989-12-31,39.238392677754,11175.8166,5.8139,ireland
30,1990-12-31,49.305632408493,14031.3026,8.4665,ireland
31,1991-12-31,49.787501584485,14087.2074,1.9296,ireland
32,1992-12-31,55.918538121399,15714.3847,3.3433,ireland
33,1993-12-31,52.417477613676,14657.0616,2.6926,ireland
34,1994-12-31,57.09765606596,15902.9297,5.7558,ireland
35,1995-12-31,69.139823232323,19158.4565,9.6344,ireland
36,1996-12-31,75.790786290323,20835.8977,7.3732,ireland
37,1997-12-31,82.856648758357,22551.1139,11.0149,ireland
38,1998-12-31,90.19941011551,24294.8548,8.7572,ireland
39,1999-12-31,98.893958262644,26338.1078,10.5225,ireland
40,2000-12-31,100.20761042991,26334.5672,9.3994,ireland
41,2001-12-31,109.3466692297,28282.4099,5.3045,ireland
42,2002-12-31,128.5960352884,32705.4346,5.8962,ireland
43,2003-12-31,164.6707712596,41203.5296,3.0096,ireland
44,2004-12-31,194.37211504107,47754.2023,6.7859,ireland
45,2005-12-31,211.87698965591,50933.0216,5.7362,ireland
46,2006-12-31,232.18061716228,54329.1619,4.9805,ireland
47,2007-12-31,270.0792794195,61396.4175,5.3055,ireland
48,2008-12-31,275.44747145106,61353.1066,-4.4866,ireland
49,2009-12-31,236.4431158537,52133.0906,-5.1005,ireland
50,2010-12-31,221.8760112835,48655.3662,1.7551,ireland
51,2011-12-31,238.97555896653,52177.1127,1.0685,ireland
52,2012-12-31,225.49681095667,49026.0231,-0.0524,ireland
53,2013-12-31,238.27926975099,51533.0346,1.267,ireland
54,2014-12-31,258.96964906372,55599.8508,8.7137,ireland
55,2015-12-31,291.58003758433,62012.4849,25.1762,ireland
56,2016-12-31,298.92815264469,62861.6391,2.0422,ireland
57,2017-12-31,335.43082959403,69774.029,8.94,ireland
58,2018-12-31,385.04171150623,79107.605,9.0302,ireland
59,2019-12-31,399.12206350415,80886.6157,4.917,ireland
60,2020-12-31,425.888950992,85422.5429,5.867,ireland
61,2021-12-31,498.55957671472,99152.1026,13.4787,ireland
0,1960-12-31,40.385288344191,804.4926,,italy
1,1961-12-31,44.842760293192,887.3367,8.2072,italy
2,1962-12-31,50.383891898991,990.2602,6.2037,italy
3,1963-12-31,57.710743059834,1126.0193,5.6097,italy
4,1964-12-31,63.175417019009,1222.5445,2.7977,italy
5,1965-12-31,67.978153850519,1304.4538,3.268,italy
6,1966-12-31,73.654870011276,1402.4424,5.9848,italy
7,1967-12-31,81.13312006542,1533.6929,7.1786,italy
8,1968-12-31,87.94223167835,1651.9394,6.5446,italy
9,1969-12-31,97.085082807375,1813.3881,6.0981,italy
10,1970-12-31,113.39531598513,2106.864,5.2687,italy
11,1971-12-31,124.67236579276,2305.6098,1.8181,italy
12,1972-12-31,145.26003984064,2671.1373,3.6905,italy
13,1973-12-31,175.49205579542,3205.252,7.1259,italy
14,1974-12-31,199.56448943138,3621.1458,5.5001,italy
15,1975-12-31,227.69585112693,4106.9939,-2.0902,italy
16,1976-12-31,224.71727843685,4033.0994,7.1254,italy
17,1977-12-31,257.59631336405,4603.5997,2.5605,italy
18,1978-12-31,315.05832306639,5610.4981,3.2401,italy
19,1979-12-31,393.67716150082,6990.2858,5.9592,italy
20,1980-12-31,477.25677594393,8456.919,3.43,italy
21,1981-12-31,430.70285130301,7622.8333,0.8442,italy
22,1982-12-31,427.27264566929,7556.5234,0.4136,italy
23,1983-12-31,443.04237378888,7832.5754,1.1692,italy
24,1984-12-31,437.88768900154,7739.7153,3.2259,italy
25,1985-12-31,452.21749214076,7990.6866,2.7981,italy
26,1986-12-31,640.38635277309,11315.0152,2.86,italy
27,1987-12-31,805.71312817448,14234.7286,3.192,italy
28,1988-12-31,891.60895715561,15744.6613,4.1944,italy
29,1989-12-31,928.66133220435,16386.6622,3.3884,italy
30,1990-12-31,1181.2226535229,20825.7842,1.9858,italy
31,1991-12-31,1246.2201560793,21956.5298,1.5384,italy
32,1992-12-31,1320.1616449332,23243.4745,0.8343,italy
33,1993-12-31,1064.9580755506,18738.7639,-0.8528,italy
34,1994-12-31,1099.2166882805,19337.6309,2.151,italy
35,1995-12-31,1174.662070605,20664.5523,2.8868,italy
36,1996-12-31,1312.4265277952,23081.6047,1.2668,italy
37,1997-12-31,1241.8796043656,21829.3458,1.8302,italy
38,1998-12-31,1270.0525259284,22318.1373,1.8106,italy
39,1999-12-31,1252.4466598338,22005.0545,1.6257,italy
40,2000-12-31,1146.6768942097,20137.5912,3.787,italy
41,2001-12-31,1168.0234260564,20500.9544,1.9514,italy
42,2002-12-31,1276.7693384493,22376.2979,0.2539,italy
43,2003-12-31,1577.6217070505,27526.3225,0.1386,italy
44,2004-12-31,1806.5429685456,31317.2008,1.4236,italy
45,2005-12-31,1858.2171472037,32055.0921,0.8178,italy
46,2006-12-31,1949.5517193896,33529.7266,1.7906,italy
47,2007-12-31,2213.1024827515,37870.7475,1.4871,italy
48,2008-12-31,2408.6553487186,40944.9124,-0.962,italy
49,2009-12-31,2199.9288041186,37226.7572,-5.2809,italy
50,2010-12-31,2136.0999552367,36035.645,1.7133,italy
51,2011-12-31,2294.9942965895,38649.6395,0.7073,italy
52,2012-12-31,2086.9576568216,35051.5213,-2.9809,italy
53,2013-12-31,2141.9240942986,35560.0814,-1.8411,italy
54,2014-12-31,2162.0096159965,35565.7214,-0.0045,italy
55,2015-12-31,1836.6377110606,30242.3861,0.7783,italy
56,2016-12-31,1877.0716876338,30960.7315,1.2935,italy
57,2017-12-31,1961.7961973544,32406.7203,1.6679,italy
58,2018-12-31,2091.932426267,34622.1697,0.9258,italy
59,2019-12-31,2011.2857425521,33673.4754,0.5002,italy
60,2020-12-31,1892.5740642221,31834.9726,-9.0257,italy
61,2021-12-31,2099.8801982589,35551.285,6.6438,italy
0,1995-12-31,5.7891286366229,2329.5767,,latvia
1,1996-12-31,5.9752488514548,2431.709,2.588,latvia
2,1997-12-31,6.5279264456811,2683.2414,8.8369,latvia
3,1998-12-31,7.1662754676516,2973.5348,6.3359,latvia
4,1999-12-31,7.5337881335575,3151.577,2.7562,latvia
5,2000-12-31,7.958852838934,3361.6409,5.6757,latvia
6,2001-12-31,8.3623987015894,3578.0019,6.3283,latvia
7,2002-12-31,9.5570316052751,4136.9333,7.0871,latvia
8,2003-12-31,11.771975156807,5145.1952,8.4225,latvia
9,2004-12-31,14.435700533368,6378.6665,8.282,latvia
10,2005-12-31,17.003459863099,7594.9024,10.7152,latvia
11,2006-12-31,21.57007649862,9723.4469,11.9652,latvia
12,2007-12-31,31.054350977978,14113.5291,9.943,latvia
13,2008-12-31,35.854274228914,16467.1437,-3.2428,latvia
14,2009-12-31,26.410909090909,12331.9286,-14.2483,latvia
15,2010-12-31,23.956163076557,11420.994,-4.4709,latvia
16,2011-12-31,27.474380566265,13338.9622,2.5644,latvia
17,2012-12-31,28.169902669378,13847.3379,7.0373,latvia
18,2013-12-31,30.204783461849,15007.4919,2.0107,latvia
19,2014-12-31,31.386896487041,15742.3913,1.9001,latvia
20,2015-12-31,27.263090547062,13786.4568,3.885,latvia
21,2016-12-31,28.083597512484,14331.7516,2.3676,latvia
22,2017-12-31,30.483806017832,15695.1152,3.3131,latvia
23,2018-12-31,34.429023435021,17865.0311,3.9895,latvia
24,2019-12-31,34.308783825302,17926.8416,2.4843,latvia
25,2020-12-31,33.645460617239,17703.9534,-3.7691,latvia
26,2021-12-31,38.872546228565,20642.1679,4.4821,latvia
0,1995-12-31,7.8671403953371,2167.7926,,lithuania
1,1996-12-31,8.3825196374622,2327.4349,5.1585,lithuania
2,1997-12-31,10.118631851532,2830.2781,8.3109,lithuania
3,1998-12-31,11.23954769098,3166.6665,7.4758,lithuania
4,1999-12-31,10.971583944756,3113.1791,-1.1416,lithuania
5,2000-12-31,11.524776866638,3293.23,3.6955,lithuania
6,2001-12-31,12.237388001726,3525.7936,6.5261,lithuania
7,2002-12-31,14.259781159012,4141.5927,6.7514,lithuania
8,2003-12-31,18.781721376199,5499.429,10.566,lithuania
9,2004-12-31,22.627507451565,6700.3272,6.5695,lithuania
10,2005-12-31,26.097677571837,7854.7653,7.7324,lithuania
11,2006-12-31,30.183575103526,9230.708,7.4141,lithuania
12,2007-12-31,39.697891351943,12285.4471,11.1075,lithuania
13,2008-12-31,47.797551587882,14944.9967,2.6144,lithuania
14,2009-12-31,37.38812204615,11820.7762,-14.8386,lithuania
15,2010-12-31,37.128694028243,11987.5084,1.6512,lithuania
16,2011-12-31,43.535051482387,14376.9479,6.039,lithuania
17,2012-12-31,42.927454291478,14367.7094,3.8439,lithuania
18,2013-12-31,46.523420074437,15729.6525,3.5501,lithuania
19,2014-12-31,48.533659592173,16551.0182,3.537,lithuania
20,2015-12-31,41.435533340388,14263.9646,2.0246,lithuania
21,2016-12-31,43.047309305736,15008.3132,2.5188,lithuania
22,2017-12-31,47.75873693178,16885.4074,4.2826,lithuania
23,2018-12-31,53.750911865687,19186.1813,3.9933,lithuania
24,2019-12-31,54.697379017333,19575.7685,4.5738,lithuania
25,2020-12-31,56.546957475491,20232.302,-0.1324,lithuania
26,2021-12-31,65.5038497046,23433.3909,5.0035,lithuania
0,1960-12-31,0.703925705943,2242.0158,,luxembourg
1,1961-12-31,0.7041456713502,2222.3664,3.83,luxembourg
2,1962-12-31,0.7415094807963,2311.7988,1.3587,luxembourg
3,1963-12-31,0.7911405957728,2441.0386,3.4391,luxembourg
4,1964-12-31,0.9031587539436,2755.6331,7.8658,luxembourg
5,1965-12-31,0.921600736304,2780.0927,-0.7349,luxembourg
6,1966-12-31,0.968440149471,2900.4332,1.1059,luxembourg
7,1967-12-31,0.9747217625353,2909.6606,0.2167,luxembourg
8,1968-12-31,1.0664471308205,3175.3674,4.1839,luxembourg
9,1969-12-31,1.234878980502,3658.9007,9.9729,luxembourg
10,1970-12-31,1.4577684550222,4298.0339,11.0945,luxembourg
11,1971-12-31,1.5187734213785,4435.398,2.6672,luxembourg
12,1972-12-31,1.901697369627,5486.7206,6.5982,luxembourg
13,1973-12-31,2.6098758021114,7447.213,8.3127,luxembourg
14,1974-12-31,3.1836371168186,8966.729,4.2125,luxembourg
15,1975-12-31,3.1233333333333,8701.3047,-6.5714,luxembourg
16,1976-12-31,3.4235862068966,9490.6903,2.5343,luxembourg
17,1977-12-31,3.789321328081,10486.3358,1.5698,luxembourg
18,1978-12-31,4.7185397719995,13034.3882,4.075,luxembourg
19,1979-12-31,5.5169826637314,15204.3308,2.3456,luxembourg
20,1980-12-31,6.0198054904125,16531.1149,0.8409,luxembourg
21,1981-12-31,5.0536657974794,13837.13,-0.551,luxembourg
22,1982-12-31,4.6023167932191,12590.9768,1.1313,luxembourg
23,1983-12-31,4.5242177514793,12374.0304,2.9891,luxembourg
24,1984-12-31,4.4384354928791,12126.9392,6.1869,luxembourg
25,1985-12-31,4.5772117671037,12481.9658,2.7917,luxembourg
26,1986-12-31,6.6855950875926,18149.8693,9.9839,luxembourg
27,1987-12-31,8.3209022150189,22443.4315,3.951,luxembourg
28,1988-12-31,9.4181678551838,25219.3543,8.4633,luxembourg
29,1989-12-31,10.037674037674,26618.0696,9.7981,luxembourg
30,1990-12-31,12.778792853694,33465.4782,5.3199,luxembourg
31,1991-12-31,13.834219728293,35747.3378,8.6442,luxembourg
32,1992-12-31,15.518702634881,39570.8616,1.8197,luxembourg
33,1993-12-31,15.925521222015,40066.7243,4.2007,luxembourg
34,1994-12-31,17.701798890764,43933.2354,3.8209,luxembourg
35,1995-12-31,20.853093869732,51032.3496,1.4322,luxembourg
36,1996-12-31,20.89531465798,50444.3591,1.3981,luxembourg
37,1997-12-31,19.563836265223,46641.6409,5.4198,luxembourg
38,1998-12-31,20.150053345188,47445.3811,6.6745,luxembourg
39,1999-12-31,21.899317598841,50872.4493,8.1752,luxembourg
40,2000-12-31,21.230182989304,48659.5989,6.9381,luxembourg
41,2001-12-31,21.387533703233,48440.142,3.0744,luxembourg
42,2002-12-31,23.649833332165,53005.7339,3.2254,luxembourg
43,2003-12-31,29.667268248131,65689.3215,2.6194,luxembourg
44,2004-12-31,35.064843792899,76544.9171,4.2319,luxembourg
45,2005-12-31,37.672280120479,80988.1376,2.4829,luxembourg
46,2006-12-31,42.910146296065,90788.8005,6.0167,luxembourg
47,2007-12-31,51.587401415787,107475.3203,8.0987,luxembourg
48,2008-12-31,58.844277701526,120422.1379,-0.3002,luxembourg
49,2009-12-31,54.467289897558,109419.747,-3.239,luxembourg
50,2010-12-31,56.213985987417,110885.9914,3.7604,luxembourg
51,2011-12-31,61.696281326245,119025.0572,1.0443,luxembourg
52,2012-12-31,59.77638352736,112584.6763,1.6499,luxembourg
53,2013-12-31,65.203276466976,120000.1407,3.1718,luxembourg
54,2014-12-31,68.804811897644,123678.7021,2.6231,luxembourg
55,2015-12-31,60.071584216137,105462.0126,2.2698,luxembourg
56,2016-12-31,62.216885435949,106899.2935,4.9782,luxembourg
57,2017-12-31,65.712180342984,110193.2138,1.3172,luxembourg
58,2018-12-31,71.285019397413,117254.7404,2.0044,luxembourg
59,2019-12-31,70.195715495514,113218.7133,3.2838,luxembourg
60,2020-12-31,73.353132793708,116356.158,-1.7762,luxembourg
61,2021-12-31,86.710803337099,135682.7943,6.8866,luxembourg
0,1970-12-31,0.2507218215537,828.4217,,malta
1,1971-12-31,0.2645798797849,874.0663,2.454,malta
2,1972-12-31,0.2951182493249,975.7588,5.8383,malta
3,1973-12-31,0.3456020253754,1143.6202,4.1461,malta
4,1974-12-31,0.3760941084753,1245.3612,10.0364,malta
5,1975-12-31,0.474620439585,1560.1122,19.5601,malta
6,1976-12-31,0.5279369887913,1726.5594,17.0171,malta
7,1977-12-31,0.6255733455322,2037.8973,12.1842,malta
8,1978-12-31,0.7936751698786,2558.7403,11.1612,malta
9,1979-12-31,1.0013008383234,3195.5526,10.4908,malta
10,1980-12-31,1.2502421078797,3948.4031,7.0497,malta
11,1981-12-31,1.2434693605684,3898.243,3.3118,malta
12,1982-12-31,1.234518125,3788.0506,2.2845,malta
13,1983-12-31,1.1657713690063,3527.04,-0.6124,malta
14,1984-12-31,1.101828568768,3332.8854,0.9424,malta
15,1985-12-31,1.1178352855051,3322.4213,2.5853,malta
16,1986-12-31,1.4350792003496,4194.6539,3.8852,malta
17,1987-12-31,1.7512477634195,5083.6691,4.1105,malta
18,1988-12-31,2.0194742441936,5814.3648,8.4142,malta
19,1989-12-31,2.1185747721114,6040.6099,8.1791,malta
20,1990-12-31,2.5471635823315,7191.9236,6.2914,malta
21,1991-12-31,2.750041434263,7558.2774,6.2565,malta
22,1992-12-31,3.0219102167183,8220.2455,4.6909,malta
23,1993-12-31,2.7091783267827,7296.3101,4.4807,malta
24,1994-12-31,2.998570146541,8000.518,5.6511,malta
25,1995-12-31,3.7204005350195,9857.4808,6.3425,malta
26,1996-12-31,3.822882801334,10062.7336,3.7773,malta
27,1997-12-31,3.7934184184184,9909.8945,5.257,malta
28,1998-12-31,4.0105712233396,10409.3084,5.1256,malta
29,1999-12-31,4.1213507318123,10633.6034,4.72,malta
30,2000-12-31,4.0695155790711,10432.3281,19.6813,malta
31,2001-12-31,4.0883689783459,10402.2334,-1.1747,malta
32,2002-12-31,4.4704463914464,11289.8898,2.5653,malta
33,2003-12-31,5.4484155001707,13669.4971,4.0741,malta
34,2004-12-31,6.0980925510713,15197.0567,0.1403,malta
35,2005-12-31,6.416184181072,15888.1723,3.3836,malta
36,2006-12-31,6.7783240496801,16723.8842,2.5101,malta
37,2007-12-31,7.9253714754996,19485.8712,4.7747,malta
38,2008-12-31,9.0904067672477,22205.3568,3.8264,malta
39,2009-12-31,8.6963669074743,21083.2771,-1.1339,malta
40,2010-12-31,9.0359321224977,21799.1743,5.5436,malta
41,2011-12-31,9.638916481069,23155.5548,0.4671,malta
42,2012-12-31,9.4622382114866,22527.6368,4.1177,malta
43,2013-12-31,10.551661176783,24771.0766,5.4734,malta
44,2014-12-31,11.626281387007,26754.2684,7.6335,malta
45,2015-12-31,11.091434483524,24921.6037,9.6081,malta
46,2016-12-31,11.668286794862,25624.5373,3.3815,malta
47,2017-12-31,13.505056441519,28857.0199,11.0792,malta
48,2018-12-31,15.301279478207,31573.1166,6.0342,malta
49,2019-12-31,15.719500920536,31185.6496,5.8611,malta
50,2020-12-31,14.917038504285,28946.4627,-8.3488,malta
51,2021-12-31,17.189730469555,33257.422,9.4135,malta
0,1995-12-31,1.7529799264149,593.7661,,moldova
1,1996-12-31,1.695122173913,575.3196,-5.8771,moldova
2,1997-12-31,1.9300811688312,657.4912,1.6471,moldova
3,1998-12-31,1.6987175046555,578.9098,-6.5422,moldova
4,1999-12-31,1.1707829573744,399.6208,-3.3683,moldova
5,2000-12-31,1.2884293917995,440.672,2.1077,moldova
6,2001-12-31,1.480673594056,507.5577,6.1,moldova
7,2002-12-31,1.6618181684226,570.9726,7.8,moldova
8,2003-12-31,1.9809074347683,682.5255,6.6,moldova
9,2004-12-31,2.5982495558998,897.45,7.4,moldova
10,2005-12-31,2.988348836471,1034.7071,7.5,moldova
11,2006-12-31,3.4082445492,1183.3792,4.8,moldova
12,2007-12-31,4.4011894661406,1531.6855,3.0,moldova
13,2008-12-31,6.0548498845266,2111.2015,7.8,moldova
14,2009-12-31,5.4394220313963,1899.0101,-6.0,moldova
15,2010-12-31,6.9749823926716,2437.5377,7.1,moldova
16,2011-12-31,8.4143516719587,2942.2528,5.8182,moldova
17,2012-12-31,8.7091387647592,3045.7306,-0.5897,moldova
18,2013-12-31,9.4967177024484,3322.05,9.0439,moldova
19,2014-12-31,9.5101989615729,3328.7943,4.9996,moldova
20,2015-12-31,7.7452419129472,2732.4607,-0.3382,moldova
21,2016-12-31,8.0714693552527,2880.4353,4.4089,moldova
22,2017-12-31,9.66974174422,3509.6868,4.6908,moldova
23,2018-12-31,11.457443185054,4230.627,4.3015,moldova
24,2019-12-31,11.971345002776,4492.1057,3.6834,moldova
25,2020-12-31,11.859730543552,4525.7597,-7.3802,moldova
26,2021-12-31,13.679221333205,5314.5315,13.9446,moldova
0,1970-12-31,0.2930738680385,12478.1312,,monaco
1,1971-12-31,0.327651487975,13812.7182,5.2281,monaco
2,1972-12-31,0.402460333248,16735.0132,4.6483,monaco
3,1973-12-31,0.5235528150996,21417.5829,6.5538,monaco
4,1974-12-31,0.5639396706842,22712.9434,4.4746,monaco
5,1975-12-31,0.7119229942584,28247.5497,-0.9726,monaco
6,1976-12-31,0.7353399119177,28810.873,4.4116,monaco
7,1977-12-31,0.8112509273881,31430.4338,3.5532,monaco
8,1978-12-31,1.0005357353766,38349.3958,3.9536,monaco
9,1979-12-31,1.2098982933944,45845.1098,3.5342,monaco
10,1980-12-31,1.3781309956019,51515.0641,1.6855,monaco
11,1981-12-31,1.205166025476,44369.5614,0.9224,monaco
12,1982-12-31,1.1432290718322,41371.8768,2.4324,monaco
13,1983-12-31,1.0925517810367,38893.3032,1.195,monaco
14,1984-12-31,1.0373149562321,36382.9735,1.4845,monaco
15,1985-12-31,1.082851076497,37552.0556,1.7087,monaco
16,1986-12-31,1.5152095882085,52158.6777,2.4524,monaco
17,1987-12-31,1.8390955952914,63077.7746,2.4846,monaco
18,1988-12-31,2.0006746671353,68441.2516,4.5986,monaco
19,1989-12-31,2.0101168512417,68583.6041,4.1637,monaco
20,1990-12-31,2.4813160539651,84303.8784,2.6435,monaco
21,1991-12-31,2.4805988838507,83721.9914,1.0151,monaco
22,1992-12-31,2.7371925650558,91670.604,1.3666,monaco
23,1993-12-31,2.5743024090804,85397.3266,-0.9139,monaco
24,1994-12-31,2.7203100189036,89378.0398,2.2156,monaco
25,1995-12-31,3.130462610067,101866.6041,2.1172,monaco
26,1996-12-31,3.1376732914476,101212.0026,1.1107,monaco
27,1997-12-31,2.8401755450663,90833.2975,2.2372,monaco
28,1998-12-31,2.9344984434067,92999.2535,3.5033,monaco
29,1999-12-31,2.9060937566589,91283.2566,3.3005,monaco
30,2000-12-31,2.6478858485351,82365.4924,3.9102,monaco
31,2001-12-31,2.7188683060109,83724.4659,2.1877,monaco
32,2002-12-31,2.9689870192308,90506.8595,1.0265,monaco
33,2003-12-31,3.6013210645527,108656.8026,1.0875,monaco
34,2004-12-31,4.1379135,123523.4932,2.4705,monaco
35,2005-12-31,4.2030841935083,124197.2754,1.8954,monaco
36,2006-12-31,4.5829883327061,134048.6219,5.8039,monaco
37,2007-12-31,5.8679167807282,169966.3069,14.4289,monaco
38,2008-12-31,6.4764904057419,185785.7259,0.6668,monaco
39,2009-12-31,5.4516532370103,154775.3808,-11.3,monaco
40,2010-12-31,5.3676256131513,150737.8925,2.1,monaco
41,2011-12-31,6.0888084632517,169016.1961,7.0,monaco
42,2012-12-31,5.743029680072,157520.2194,1.0122,monaco
43,2013-12-31,6.5559835303493,177673.7454,9.5749,monaco
44,2014-12-31,7.0696160488907,189432.37,7.1892,monaco
45,2015-12-31,6.2616221014091,165989.5051,4.8635,monaco
46,2016-12-31,6.4729909231791,170028.6557,3.4516,monaco
47,2017-12-31,6.4313149570719,167517.0597,-3.501,monaco
48,2018-12-31,7.1940245630609,185978.6093,5.9563,monaco
49,2019-12-31,7.3837456621516,189487.1471,6.9057,monaco
50,2020-12-31,6.8162193032553,173688.1894,-11.7528,monaco
0,2000-12-31,0.9842975893599,1627.0726,3.1,montenegro
1,2001-12-31,1.1598692459251,1909.5987,1.0998,montenegro
2,2002-12-31,1.2846850505241,2106.6351,1.9039,montenegro
3,2003-12-31,1.7077100531494,2789.1591,2.4827,montenegro
4,2004-12-31,2.0732344176807,3380.1651,4.4261,montenegro
5,2005-12-31,2.257174480786,3674.6179,4.1806,montenegro
6,2006-12-31,2.7219031489148,4425.6789,8.5664,montenegro
7,2007-12-31,3.6807117437722,5976.3941,6.8102,montenegro
8,2008-12-31,4.545674527611,7367.7519,7.2228,montenegro
9,2009-12-31,4.1593303695471,6727.1078,-5.7951,montenegro
10,2010-12-31,4.1430332758849,6688.4824,2.7343,montenegro
11,2011-12-31,4.5445169821826,7328.9323,3.2285,montenegro
12,2012-12-31,4.0877258126686,6586.7213,-2.7238,montenegro
13,2013-12-31,4.4657716726201,7188.8624,3.549,montenegro
14,2014-12-31,4.5938520890956,7387.871,1.7837,montenegro
15,2015-12-31,4.0547281729438,6517.1896,3.3904,montenegro
16,2016-12-31,4.3769295716313,7033.438,2.9493,montenegro
17,2017-12-31,4.8566021786342,7803.3626,4.7165,montenegro
18,2018-12-31,5.5069444033019,8850.3784,5.0779,montenegro
19,2019-12-31,5.5422011509105,8909.8902,4.0629,montenegro
20,2020-12-31,4.7807221219623,7694.6338,-15.3069,montenegro
21,2021-12-31,5.8091709617829,9367.0169,12.4344,montenegro
22,4.9,,,,montenegro
23,-9.4,,,,montenegro
0,1960-12-31,12.276734172083,1068.7846,,netherlands
1,1961-12-31,13.493833739995,1159.3924,0.2955,netherlands
2,1962-12-31,14.647057370142,1240.6779,6.8435,netherlands
3,1963-12-31,15.891241386291,1328.0366,3.6246,netherlands
4,1964-12-31,18.699380731347,1541.9474,8.2749,netherlands
5,1965-12-31,21.000586933204,1708.0964,8.6431,netherlands
6,1966-12-31,22.867203317402,1835.8014,2.7411,netherlands
7,1967-12-31,25.087562181322,1991.3607,5.28,netherlands
8,1968-12-31,27.81760574325,2185.2487,6.4161,netherlands
9,1969-12-31,34.035946604181,2642.9561,6.4294,netherlands
10,1970-12-31,38.164716625068,2927.0729,6.1402,netherlands
11,1971-12-31,44.579122807018,3378.6148,4.317,netherlands
12,1972-12-31,54.706557264488,4104.451,3.5339,netherlands
13,1973-12-31,71.840909664197,5345.5754,5.4442,netherlands
14,1974-12-31,87.24341339454,6440.9784,3.4387,netherlands
15,1975-12-31,100.24952335309,7335.509,0.002,netherlands
16,1976-12-31,109.1687206201,7925.6881,4.4563,netherlands
17,1977-12-31,127.0169902128,9166.8082,2.5204,netherlands
18,1978-12-31,155.85969545732,11179.3896,2.6962,netherlands
19,1979-12-31,179.66940569043,12798.5432,2.0142,netherlands
20,1980-12-31,195.15209266238,13791.8623,1.3419,netherlands
21,1981-12-31,164.13421708028,11520.4479,-0.7836,netherlands
22,1982-12-31,158.47952793596,11072.6585,-1.2408,netherlands
23,1983-12-31,153.44546598718,10680.359,2.07,netherlands
24,1984-12-31,143.91266414835,9977.1602,3.0617,netherlands
25,1985-12-31,143.84582271762,9926.13,2.5802,netherlands
26,1986-12-31,200.86209570067,13783.8501,2.787,netherlands
27,1987-12-31,245.04631092254,16709.5597,1.9312,netherlands
28,1988-12-31,261.91050841788,17744.5014,3.4412,netherlands
29,1989-12-31,258.336705809,17397.6917,4.4201,netherlands
30,1990-12-31,318.33051192061,21290.8604,4.1832,netherlands
31,1991-12-31,327.50032767562,21732.2308,2.4391,netherlands
32,1992-12-31,362.96287218045,23904.0374,1.7061,netherlands
33,1993-12-31,353.55016967252,23122.4108,1.2576,netherlands
34,1994-12-31,379.13026032207,24646.3143,2.9611,netherlands
35,1995-12-31,452.30167444414,29258.1343,3.116,netherlands
36,1996-12-31,450.49019607843,29006.8094,3.4987,netherlands
37,1997-12-31,416.81274000452,26700.5371,4.3291,netherlands
38,1998-12-31,438.00822039547,27885.8084,4.6639,netherlands
39,1999-12-31,447.04952304981,28272.6432,5.034,netherlands
40,2000-12-31,417.47933744471,26214.4985,4.1956,netherlands
41,2001-12-31,431.58685236969,26896.5481,2.327,netherlands
42,2002-12-31,473.86198007098,29343.245,0.2173,netherlands
43,2003-12-31,580.07036070196,35750.9747,0.1556,netherlands
44,2004-12-31,658.38008154518,40436.6182,1.9849,netherlands
45,2005-12-31,685.34818151595,41994.7135,2.0509,netherlands
46,2006-12-31,733.95526989882,44900.9381,3.461,netherlands
47,2007-12-31,848.55888754118,51799.2086,3.7728,netherlands
48,2008-12-31,951.86999786406,57879.9438,2.1703,netherlands
49,2009-12-31,871.51863804922,52722.2131,-3.6669,netherlands
50,2010-12-31,847.38085901667,50999.7451,1.3427,netherlands
51,2011-12-31,905.27062633269,54230.3129,1.5512,netherlands
52,2012-12-31,838.92331991953,50070.1416,-1.0304,netherlands
53,2013-12-31,877.17282453451,52198.8976,-0.1302,netherlands
54,2014-12-31,892.16798671372,52900.5374,1.4234,netherlands
55,2015-12-31,765.57277063438,45193.4032,1.9592,netherlands
56,2016-12-31,784.06043024008,46039.1059,2.1917,netherlands
57,2017-12-31,833.86964168706,48675.2223,2.9109,netherlands
58,2018-12-31,914.04343817961,53044.5324,2.3609,netherlands
59,2019-12-31,910.19434756863,52476.2733,1.9556,netherlands
60,2020-12-31,913.86539578989,52396.0322,-3.7986,netherlands
61,2021-12-31,1018.0070569496,58061.0017,5.0359,netherlands
0,1990-12-31,4.6996466431095,2354.2753,,north_macedonia
1,1991-12-31,4.9387755102041,2477.683,-6.1708,north_macedonia
2,1992-12-31,2.436849341976,1225.3731,-6.5652,north_macedonia
3,1993-12-31,2.6824568965517,1352.0285,-7.4693,north_macedonia
4,1994-12-31,3.5596072412582,1796.2274,-1.7582,north_macedonia
5,1995-12-31,4.7070360964896,2373.3845,-1.1147,north_macedonia
6,1996-12-31,4.6420183536721,2333.328,1.1851,north_macedonia
7,1997-12-31,3.9129860909736,1959.5607,1.44,north_macedonia
8,1998-12-31,3.7657473049868,1875.8178,3.3787,north_macedonia
9,1999-12-31,3.863621185973,1915.3938,4.339,north_macedonia
10,2000-12-31,3.7728571450248,1861.8981,4.5491,north_macedonia
11,2001-12-31,3.7096378299487,1823.0236,-3.0673,north_macedonia
12,2002-12-31,4.0183652474444,1989.1351,1.4937,north_macedonia
13,2003-12-31,4.9462927747905,2440.4769,2.2226,north_macedonia
14,2004-12-31,5.6827882671287,2795.8993,4.6741,north_macedonia
15,2005-12-31,6.2586007138263,3072.6786,4.7241,north_macedonia
16,2006-12-31,6.8612223319632,3362.9684,5.137,north_macedonia
17,2007-12-31,8.3364781420887,4079.392,6.4735,north_macedonia
18,2008-12-31,9.9095484108274,4841.2517,5.472,north_macedonia
19,2009-12-31,9.4017314957166,4584.7098,-0.3586,north_macedonia
20,2010-12-31,9.4071687024313,4577.6888,3.3588,north_macedonia
21,2011-12-31,10.494632699386,5098.0976,2.3399,north_macedonia
22,2012-12-31,9.7452511260109,4728.3081,-0.4562,north_macedonia
23,2013-12-31,10.817712138945,5241.0583,2.9253,north_macedonia
24,2014-12-31,11.362272837882,5495.735,3.6291,north_macedonia
25,2015-12-31,10.064515432027,4861.554,3.8559,north_macedonia
26,2016-12-31,10.672471860718,5149.5891,2.8482,north_macedonia
27,2017-12-31,11.307058382344,5450.4929,1.0818,north_macedonia
28,2018-12-31,12.68307006147,6108.7401,2.8806,north_macedonia
29,2019-12-31,12.606338448547,6070.3881,3.9104,north_macedonia
30,2020-12-31,12.116981815226,5846.4659,-6.1109,north_macedonia
31,2021-12-31,13.879269151572,6720.8963,3.9643,north_macedonia
0,1960-12-31,5.163271598157,1441.7557,,norway
1,1961-12-31,5.6324609365458,1560.3249,6.2733,norway
2,1962-12-31,6.0669766826736,1667.2474,2.8139,norway
3,1963-12-31,6.5102395027649,1775.5827,3.785,norway
4,1964-12-31,7.1592027064803,1937.8846,5.0097,norway
5,1965-12-31,8.058681060159,2164.4688,5.2856,norway
6,1966-12-31,8.6964602053397,2317.1949,3.7865,norway
7,1967-12-31,9.5144967033976,2514.0438,6.2561,norway
8,1968-12-31,10.159934136784,2662.1175,2.2599,norway
9,1969-12-31,11.063065083489,2875.2358,4.5046,norway
10,1970-12-31,12.814123115261,3306.2195,1.9433,norway
11,1971-12-31,14.583114840063,3736.3487,5.6724,norway
12,1972-12-31,17.358610849701,4413.5757,5.3306,norway
13,1973-12-31,22.534253702869,5689.5888,4.5329,norway
14,1974-12-31,27.145693810134,6811.5273,3.923,norway
15,1975-12-31,32.877805200023,8204.4515,4.9521,norway
16,1976-12-31,35.942270686337,8927.2016,5.8254,norway
17,1977-12-31,41.508030431107,10266.1207,4.1607,norway
18,1978-12-31,46.523091009671,11462.6416,3.8694,norway
19,1979-12-31,53.132244623921,13046.5372,4.3725,norway
20,1980-12-31,64.439382896016,15772.2409,4.5646,norway
21,1981-12-31,63.596654760868,15512.5067,1.5983,norway
22,1982-12-31,62.647195537651,15224.8939,0.2354,norway
23,1983-12-31,61.627240831095,14927.5175,3.9728,norway
24,1984-12-31,62.057955032776,14989.4858,6.0524,norway
25,1985-12-31,65.416879914391,15753.5528,5.5534,norway
26,1986-12-31,78.693253275995,18883.2658,4.0423,norway
27,1987-12-31,94.230055658627,22505.8977,1.7534,norway
28,1988-12-31,101.90026085622,24207.2815,-0.2553,norway
29,1989-12-31,102.63378955754,24281.0961,1.0383,norway
30,1990-12-31,119.79168330751,28242.9437,1.9324,norway
31,1991-12-31,121.87246448349,28596.933,3.0847,norway
32,1992-12-31,130.83804006758,30523.9851,3.5744,norway
33,1993-12-31,120.5790727506,27963.6652,2.8453,norway
34,1994-12-31,127.13146111993,29315.8419,5.0554,norway
35,1995-12-31,152.02961232479,34875.7043,4.1555,norway
36,1996-12-31,163.52010915067,37321.9742,5.0279,norway
37,1997-12-31,161.35663188848,36629.0309,5.2846,norway
38,1998-12-31,154.16336430266,34788.3599,2.6244,norway
39,1999-12-31,162.28446507334,36371.051,2.0129,norway
40,2000-12-31,171.2471312686,38131.4606,3.205,norway
41,2001-12-31,173.97221882403,38542.7151,2.0748,norway
42,2002-12-31,195.52418647762,43084.4725,1.4463,norway
43,2003-12-31,228.85850682184,50134.8908,0.9101,norway
44,2004-12-31,264.51163066698,57603.836,3.9694,norway
45,2005-12-31,308.88428405122,66810.4785,2.6254,norway
46,2006-12-31,345.58136996554,74148.3201,2.3998,norway
47,2007-12-31,400.93710015866,85139.9604,2.9943,norway
48,2008-12-31,462.25,96944.0956,0.4763,norway
49,2009-12-31,386.19038531877,79977.6971,-1.727,norway
50,2010-12-31,428.75703846684,87693.7901,0.7018,norway
51,2011-12-31,498.28343845428,100600.5624,0.9814,norway
52,2012-12-31,509.50631714654,101524.1419,2.7031,norway
53,2013-12-31,522.76153191489,102913.4508,1.0341,norway
54,2014-12-31,498.41005025126,97019.1828,1.9695,norway
55,2015-12-31,385.80155006717,74355.5159,1.9671,norway
56,2016-12-31,368.82714285714,70460.5605,1.0716,norway
57,2017-12-31,398.39395526899,75496.7541,2.3233,norway
58,2018-12-31,436.99969259145,82267.8093,1.1188,norway
59,2019-12-31,404.94136363636,75719.7529,0.7458,norway
60,2020-12-31,362.19831843526,67329.6778,-0.7172,norway
61,2021-12-31,482.43701979045,89202.7505,3.9227,norway
0,1990-12-31,65.977749036984,1731.2095,,poland
1,1991-12-31,85.50093593499,2235.5411,-7.0156,poland
2,1992-12-31,94.337050693273,2459.0207,2.515,poland
3,1993-12-31,96.045645026178,2497.1952,3.7383,poland
4,1994-12-31,110.8033915167,2874.8253,5.2928,poland
5,1995-12-31,142.29278350516,3686.8193,7.1029,poland
6,1996-12-31,160.19324209043,4147.4655,6.1154,poland
7,1997-12-31,159.35778977221,4123.1356,6.4491,poland
8,1998-12-31,174.68579156356,4518.1082,4.6406,poland
9,1999-12-31,170.03100501626,4398.081,4.6548,poland
10,2000-12-31,172.21946112607,4501.4541,4.561,poland
11,2001-12-31,190.90549353917,4991.2444,1.2585,poland
12,2002-12-31,199.07205882353,5207.1714,2.0359,poland
13,2003-12-31,217.82726080584,5701.6022,3.4984,poland
14,2004-12-31,255.11018153981,6681.3865,4.9828,poland
15,2005-12-31,306.14433626951,8021.5057,3.5068,poland
16,2006-12-31,344.62200309358,9035.4105,6.1311,poland
17,2007-12-31,429.02850536508,11254.5174,7.0615,poland
18,2008-12-31,533.6090818529,13996.0252,4.2,poland
19,2009-12-31,439.73750841319,11526.0559,2.8322,poland
20,2010-12-31,479.83417902033,12613.011,3.7405,poland
21,2011-12-31,528.3012690698,13879.561,4.7576,poland
22,2012-12-31,498.52356824812,13097.2708,1.3249,poland
23,2013-12-31,521.01626273492,13696.4663,1.1258,poland
24,2014-12-31,542.47709621176,14271.3059,3.3786,poland
25,2015-12-31,477.81191139408,12578.4955,4.2363,poland
26,2016-12-31,472.63036420818,12447.4396,3.1417,poland
27,2017-12-31,526.50887730532,13864.6818,4.8307,poland
28,2018-12-31,587.41174516156,15468.4822,5.3537,poland
29,2019-12-31,597.28056467156,15732.2031,4.745,poland
30,2020-12-31,596.62435571967,15742.4537,-2.5407,poland
31,2021-12-31,674.04826639737,17840.9211,5.7326,poland
0,1960-12-31,3.193200404373,360.4993,,portugal
1,1961-12-31,3.417516639376,382.7299,5.5349,portugal
2,1962-12-31,3.668222357657,407.8528,6.6144,portugal
3,1963-12-31,3.9057344597269,432.5117,5.8737,portugal
4,1964-12-31,4.235608177671,468.7811,6.3107,portugal
5,1965-12-31,4.6874640548346,520.9107,7.469,portugal
6,1966-12-31,5.1353878459711,575.0077,4.0779,portugal
7,1967-12-31,5.7402411656343,646.8227,7.5445,portugal
8,1968-12-31,6.3542626283354,719.0805,8.8755,portugal
9,1969-12-31,6.9690258256287,795.7594,2.1207,portugal
10,1970-12-31,8.1082357043236,934.0822,12.6126,portugal
11,1971-12-31,9.2016042402827,1064.5377,6.6317,portugal
12,1972-12-31,11.239117865085,1302.2663,8.0157,portugal
13,1973-12-31,15.090564186427,1747.989,11.2007,portugal
14,1974-12-31,17.512391475927,2000.4182,1.1429,portugal
15,1975-12-31,19.347607843137,2127.6375,-4.3476,portugal
16,1976-12-31,20.332831564987,2173.2839,6.9002,portugal
17,1977-12-31,21.439523310634,2267.371,5.6026,portugal
18,1978-12-31,23.487614051095,2457.3132,2.816,portugal
19,1979-12-31,26.622819672131,2755.6246,5.6389,portugal
20,1980-12-31,32.896519823789,3368.3667,4.5893,portugal
21,1981-12-31,31.977276872964,3245.9752,1.6181,portugal
22,1982-12-31,30.527754793138,3079.9496,2.1354,portugal
23,1983-12-31,27.239650741947,2735.4911,-0.1731,portugal
24,1984-12-31,25.217969049576,2522.7475,-1.88,portugal
25,1985-12-31,27.115807742087,2705.193,2.8074,portugal
26,1986-12-31,38.745901353706,3861.9484,4.141,portugal
27,1987-12-31,48.182925857407,4803.8661,6.3814,portugal
28,1988-12-31,56.347250696379,5623.697,7.4891,portugal
29,1989-12-31,60.594092182328,6056.381,6.4406,portugal
30,1990-12-31,78.713860216566,7884.618,3.9505,portugal
31,1991-12-31,89.233599278479,8958.9853,4.3682,portugal
32,1992-12-31,107.5920983071,10810.5665,1.0895,portugal
33,1993-12-31,95.009751901259,9534.6564,-2.0433,portugal
34,1994-12-31,99.688641304348,9977.3199,0.9648,portugal
35,1995-12-31,118.12200743001,11781.3619,4.2828,portugal
36,1996-12-31,122.63008968027,12185.0914,3.5042,portugal
37,1997-12-31,117.01653516295,11575.5071,4.4009,portugal
38,1998-12-31,123.9463279163,12199.2064,4.808,portugal
39,1999-12-31,127.47038555718,12475.2918,3.9066,portugal
40,2000-12-31,118.60519287739,11526.3721,3.8162,portugal
41,2001-12-31,121.604107165,11734.765,1.9437,portugal
42,2002-12-31,134.79556554942,12936.6928,0.7709,portugal
43,2003-12-31,165.22617553679,15797.7821,-0.9305,portugal
44,2004-12-31,189.38212253217,18064.1581,1.7887,portugal
45,2005-12-31,197.25387670492,18780.1275,0.7818,portugal
46,2006-12-31,208.75644927585,19839.454,1.625,portugal
47,2007-12-31,240.49614731738,22811.0565,2.5066,portugal
48,2008-12-31,263.41639462408,24949.0414,0.3192,portugal
49,2009-12-31,244.66776283554,23151.2154,-3.1221,portugal
50,2010-12-31,238.11300323328,22520.6423,1.7376,portugal
51,2011-12-31,245.11799024225,23217.2955,-1.6962,portugal
52,2012-12-31,216.22424057796,20563.7136,-4.0573,portugal
53,2013-12-31,226.43385800571,21653.196,-0.9226,portugal
54,2014-12-31,229.90196422188,22103.701,0.7922,portugal
55,2015-12-31,199.39406652544,19250.1065,1.792,portugal
56,2016-12-31,206.42615230893,19991.9725,2.0195,portugal
57,2017-12-31,221.35787471893,21490.4299,3.5063,portugal
58,2018-12-31,242.31311657797,23562.5545,2.8493,portugal
59,2019-12-31,239.9869226389,23330.8173,2.6828,portugal
60,2020-12-31,228.53924504534,22194.5661,-8.4425,portugal
61,2021-12-31,249.88646435475,24262.1809,4.8812,portugal
0,1987-12-31,38.413636363636,1673.8384,,romania
1,1988-12-31,40.809523809524,1769.8899,,romania
2,1989-12-31,42.105263157895,1817.9021,,romania
3,1990-12-31,38.995454545454,1680.7056,,romania
4,1991-12-31,28.998684210526,1260.749,-12.9182,romania
5,1992-12-31,25.121666666667,1102.1038,-8.7672,romania
6,1993-12-31,26.362894736842,1158.1325,1.5288,romania
7,1994-12-31,30.074440483384,1323.1043,3.9319,romania
8,1995-12-31,37.435317265125,1650.2765,6.2335,romania
9,1996-12-31,36.9370742783,1633.0106,3.9077,romania
10,1997-12-31,35.574916294643,1577.3234,-4.8491,romania
11,1998-12-31,41.69411897251,1852.4673,-2.0298,romania
12,1999-12-31,35.952781582208,1599.8895,-0.3767,romania
13,2000-12-31,37.253259016998,1659.9076,2.4613,romania
14,2001-12-31,40.394824679123,1825.1798,5.2181,romania
15,2002-12-31,46.066101951293,2119.8827,5.703,romania
16,2003-12-31,57.806506024096,2679.4119,2.3411,romania
17,2004-12-31,74.972669056592,3494.9445,10.4281,romania
18,2005-12-31,98.452791982702,4617.929,4.6681,romania
19,2006-12-31,122.02299750801,5757.4964,8.0288,romania
20,2007-12-31,174.58520280523,8360.1663,7.2338,romania
21,2008-12-31,214.31362896502,10435.044,9.3075,romania
22,2009-12-31,174.10369593021,8548.1187,-5.5174,romania
23,2010-12-31,166.30935523459,8214.0769,-3.9012,romania
24,2011-12-31,183.32674014302,9099.2175,1.9061,romania
25,2012-12-31,170.63580531688,8507.1048,2.0407,romania
26,2013-12-31,190.8013461943,9547.8522,3.771,romania
27,2014-12-31,199.95936343007,10043.6774,3.6087,romania
28,2015-12-31,177.7292108745,8969.1489,2.9537,romania
29,2016-12-31,188.1288184864,9548.5874,4.703,romania
30,2017-12-31,211.69542257866,10807.0092,7.3194,romania
31,2018-12-31,241.45740308504,12398.982,4.4745,romania
32,2019-12-31,249.88159229807,12899.3461,4.1883,romania
33,2020-12-31,249.5113336475,12956.5662,-3.7479,romania
34,2021-12-31,284.0875636958,14861.9092,5.8797,romania
0,1988-12-31,554.7134551495,3777.2354,,russia
1,1989-12-31,506.50017396027,3428.7622,,russia
2,1990-12-31,516.81427402196,3492.7102,-3.0,russia
3,1991-12-31,517.96296296296,3490.4524,-5.0469,russia
4,1992-12-31,460.29055690073,3098.8027,-14.5311,russia
5,1993-12-31,435.08371385084,2930.6702,-8.6685,russia
6,1994-12-31,395.07730124846,2662.104,-12.5698,russia
7,1995-12-31,395.53718573485,2665.7798,-4.1435,russia
8,1996-12-31,391.7248907445,2643.9292,-3.7551,russia
9,1997-12-31,404.92895419188,2737.572,1.3999,russia
10,1998-12-31,270.95548686244,1834.8618,-5.3,russia
11,1999-12-31,195.90712835093,1330.7572,6.3999,russia
12,2000-12-31,259.71014219694,1771.5941,10.0001,russia
13,2001-12-31,306.6020706205,2100.3525,5.1001,russia
14,2002-12-31,345.47049441786,2377.5295,4.7,russia
15,2003-12-31,430.34777073179,2975.1252,7.3,russia
16,2004-12-31,591.0166907428,4102.3647,7.1999,russia
17,2005-12-31,764.01710799239,5323.4629,6.4,russia
18,2006-12-31,989.93054227869,6920.189,8.2001,russia
19,2007-12-31,1299.7057648236,9101.2549,8.5,russia
20,2008-12-31,1660.8463876248,11635.2725,5.2,russia
21,2009-12-31,1222.6442822019,8562.8135,-7.8,russia
22,2010-12-31,1524.917468442,10674.9961,4.5,russia
23,2011-12-31,2045.9256082744,14311.084,4.3,russia
24,2012-12-31,2208.2957736431,15420.875,4.0241,russia
25,2013-12-31,2292.4732466211,15974.6445,1.7554,russia
26,2014-12-31,2059.2419654908,14095.6484,0.7363,russia
27,2015-12-31,1363.4810634468,9313.0137,-1.9727,russia
28,2016-12-31,1276.7869792218,8704.8984,0.1937,russia
29,2017-12-31,1574.1993870709,10720.333,1.8258,russia
30,2018-12-31,1657.3296461836,11287.3604,2.8072,russia
31,2019-12-31,1693.1139042629,11536.251,2.1981,russia
32,2020-12-31,1488.3218754897,10161.9824,-2.6833,russia
33,2021-12-31,1775.799919353,12172.7852,4.8198,russia
0,1999-12-31,1.1090986575751,40864.3255,9.0494,san_marino
1,2000-12-31,1.005159388244,36604.4934,2.1794,san_marino
2,2001-12-31,1.0774134790528,38730.803,5.5783,san_marino
3,2002-12-31,1.1682692307692,41464.7464,0.3108,san_marino
4,2003-12-31,1.4643261608154,51270.1292,3.873,san_marino
5,2004-12-31,1.72375,59558.7727,4.5488,san_marino
6,2005-12-31,1.7858475314016,60900.5433,2.4251,san_marino
7,2006-12-31,1.9081671057584,64261.0327,3.8301,san_marino
8,2007-12-31,2.185874623597,72697.706,7.1093,san_marino
9,2008-12-31,2.3934378204189,78643.5506,-0.5009,san_marino
10,2009-12-31,2.0561267018616,66703.2182,-10.321,san_marino
11,2010-12-31,1.8812143709399,60254.7763,-5.4737,san_marino
12,2011-12-31,1.8137527839644,57297.5133,-8.3148,san_marino
13,2012-12-31,1.6047796479507,49988.4636,-7.0445,san_marino
14,2013-12-31,1.6788418116616,51570.984,-0.784,san_marino
15,2014-12-31,1.6739736946991,50817.3308,-0.7024,san_marino
16,2015-12-31,1.4193947631199,42662.9024,2.2915,san_marino
17,2016-12-31,1.468377241532,43828.2315,2.3444,san_marino
18,2017-12-31,1.5286307049254,45399.029,0.2583,san_marino
19,2018-12-31,1.6553008974965,48996.593,1.4939,san_marino
20,2019-12-31,1.6162316960486,47727.1349,2.0657,san_marino
21,2020-12-31,1.5447137846767,45515.7577,-6.6479,san_marino
22,7.4656,,,,san_marino
0,1995-12-31,16.832598870057,2207.4506,,serbia
1,1996-12-31,21.81800744879,2864.0847,6.2641,serbia
2,1997-12-31,25.676487999594,3380.0414,7.2074,serbia
3,1998-12-31,19.457979423376,2571.1727,3.3409,serbia
4,1999-12-31,19.388663551001,2571.304,-9.4242,serbia
5,2000-12-31,6.8758459865212,914.7857,6.1318,serbia
6,2001-12-31,12.960538723759,1727.2812,6.8788,serbia
7,2002-12-31,17.12090691835,2283.8467,6.3804,serbia
8,2003-12-31,22.482365321766,3005.4264,4.3878,serbia
9,2004-12-31,26.141968161092,3502.8029,9.0282,serbia
10,2005-12-31,27.683225959247,3720.4792,5.5303,serbia
11,2006-12-31,32.48207036032,4382.6173,5.1078,serbia
12,2007-12-31,43.170990616473,5848.4764,6.4395,serbia
13,2008-12-31,52.194221468501,7101.0401,5.6556,serbia
14,2009-12-31,45.162894380932,6169.1142,-2.7318,serbia
15,2010-12-31,41.819468691825,5735.4229,0.731,serbia
16,2011-12-31,49.258136128967,6809.1598,2.0363,serbia
17,2012-12-31,43.309252921057,6015.9452,-0.6815,serbia
18,2013-12-31,48.394239474676,6755.0737,2.8926,serbia
19,2014-12-31,47.062206677654,6600.0568,-1.5895,serbia
20,2015-12-31,39.655958842548,5588.9807,1.8061,serbia
21,2016-12-31,40.692643373033,5765.2008,3.3386,serbia
22,2017-12-31,44.179055279889,6292.5436,2.1012,serbia
23,2018-12-31,50.640650221462,7252.4019,4.4951,serbia
24,2019-12-31,51.514222381843,7417.2036,4.3317,serbia
25,2020-12-31,53.335016425415,7730.6917,-0.9446,serbia
26,2021-12-31,63.068134601125,9214.9935,7.3893,serbia
0,1995-12-31,21.35222401941,10730.451,,slovenia
1,1996-12-31,21.507232648725,10815.111,3.203,slovenia
2,1997-12-31,20.763101740696,10454.9656,5.0498,slovenia
3,1998-12-31,22.146231967686,11175.771,3.2794,slovenia
4,1999-12-31,22.71138431114,11452.7831,5.3327,slovenia
5,2000-12-31,20.289627636677,10201.3035,3.6724,slovenia
6,2001-12-31,20.876309970385,10479.7596,3.2166,slovenia
7,2002-12-31,23.489890274314,11777.1557,3.5056,slovenia
8,2003-12-31,29.634713641097,14849.0372,2.9603,slovenia
9,2004-12-31,34.414784504235,17233.1386,4.3592,slovenia
10,2005-12-31,36.20639597065,18098.9085,3.798,slovenia
11,2006-12-31,39.481045038264,19672.9656,5.7464,slovenia
12,2007-12-31,48.067401207398,23817.8867,6.9802,slovenia
13,2008-12-31,55.779427739661,27595.6,3.5098,slovenia
14,2009-12-31,50.567734885961,24792.128,-7.5484,slovenia
15,2010-12-31,48.20824022645,23532.4809,1.3437,slovenia
16,2011-12-31,51.583869785185,25128.015,0.8613,slovenia
17,2012-12-31,46.577793184003,22641.8051,-2.6394,slovenia
18,2013-12-31,48.415657264876,23503.2825,-1.0293,slovenia
19,2014-12-31,49.997186439092,24247.1733,2.7682,slovenia
20,2015-12-31,43.107506024325,20890.1664,2.2101,slovenia
21,2016-12-31,44.766722790583,21678.3595,3.1919,slovenia
22,2017-12-31,48.589100043095,23514.0255,4.8154,slovenia
23,2018-12-31,54.16359169532,26116.8564,4.4225,slovenia
24,2019-12-31,54.178877606,25942.9548,3.2505,slovenia
25,2020-12-31,53.58960958071,25489.5002,-4.2293,slovenia
26,2021-12-31,61.526331889499,29200.8199,8.1146,slovenia
0,1960-12-31,12.072126075397,396.3923,,spain
1,1961-12-31,13.834300571485,450.0533,11.8387,spain
2,1962-12-31,16.138545209246,520.2061,9.9534,spain
3,1963-12-31,19.07491394772,609.4874,9.5965,spain
4,1964-12-31,21.343844643734,675.2416,5.3085,spain
5,1965-12-31,24.756958694924,774.7616,6.2531,spain
6,1966-12-31,28.721062242163,889.6599,7.2461,spain
7,1967-12-31,31.647119228198,968.3068,4.3403,spain
8,1968-12-31,31.47554848141,950.5457,6.597,spain
9,1969-12-31,36.038711599541,1077.6787,8.907,spain
10,1970-12-31,40.99299500832,1212.2893,4.2906,spain
11,1971-12-31,46.619420359281,1362.1655,4.6495,spain
12,1972-12-31,59.132415221331,1708.8086,8.1497,spain
13,1973-12-31,78.639525985151,2247.5534,7.7885,spain
14,1974-12-31,97.274006345544,2749.9247,5.6188,spain
15,1975-12-31,114.77704637681,3209.8374,0.5422,spain
16,1976-12-31,118.50718477991,3279.3127,3.3038,spain
17,1977-12-31,132.44927710843,3627.5907,2.8386,spain
18,1978-12-31,160.5996875,4356.4392,1.463,spain
19,1979-12-31,214.60195587506,5770.2146,0.0415,spain
20,1980-12-31,232.76682292875,6208.578,2.2087,spain
21,1981-12-31,202.80789151198,5371.1664,-0.1325,spain
22,1982-12-31,195.99675450553,5159.7086,1.2465,spain
23,1983-12-31,170.95118561485,4478.5003,1.7701,spain
24,1984-12-31,172.10291037052,4489.9889,1.7847,spain
25,1985-12-31,180.79346379648,4699.6558,2.3214,spain
26,1986-12-31,251.32107520494,6513.5033,3.2533,spain
27,1987-12-31,318.7479355882,8239.6138,5.5471,spain
28,1988-12-31,376.16040994144,9703.1238,5.0943,spain
29,1989-12-31,414.757056922,10681.9712,4.827,spain
30,1990-12-31,536.55859125041,13804.8768,3.7814,spain
31,1991-12-31,577.16617453963,14811.9028,2.546,spain
32,1992-12-31,630.9160182025,16112.1889,0.9292,spain
33,1993-12-31,525.07563603085,13339.9086,-1.0315,spain
34,1994-12-31,530.56263445535,13415.287,2.3832,spain
35,1995-12-31,614.60902054977,15471.9627,2.7575,spain
36,1996-12-31,642.58899251281,16109.0844,2.6605,spain
37,1997-12-31,590.07727272727,14730.7972,3.7026,spain
38,1998-12-31,619.2148346141,15394.3515,4.393,spain
39,1999-12-31,634.9075428583,15720.6405,4.4905,spain
40,2000-12-31,598.3633134949,14749.6874,5.246,spain
41,2001-12-31,627.8300294122,15369.0012,3.9329,spain
42,2002-12-31,708.75667708863,17106.6866,2.731,spain
43,2003-12-31,907.49152317412,21510.8362,2.9819,spain
44,2004-12-31,1069.0556752738,24907.0009,3.1228,spain
45,2005-12-31,1153.7158227175,26429.1509,3.652,spain
46,2006-12-31,1260.3989778318,28389.0786,4.1027,spain
47,2007-12-31,1474.00257982,32591.3503,3.6047,spain
48,2008-12-31,1631.8634935523,35510.7222,0.8871,spain
49,2009-12-31,1491.4729237066,32169.5029,-3.7632,spain
50,2010-12-31,1422.1081997833,30532.4805,0.163,spain
51,2011-12-31,1480.7104957101,31677.9003,-0.8144,spain
52,2012-12-31,1324.7443147816,28322.8092,-2.9594,spain
53,2013-12-31,1355.1425850776,29067.8095,-1.4354,spain
54,2014-12-31,1371.2227125357,29500.7894,1.3839,spain
55,2015-12-31,1195.5999958086,25742.3688,3.8352,spain
56,2016-12-31,1232.9129632062,26523.3482,3.0313,spain
57,2017-12-31,1312.5392794624,28170.1679,2.9736,spain
58,2018-12-31,1420.9941425122,30364.5799,2.2888,spain
59,2019-12-31,1393.0460931372,29554.4905,2.0852,spain
60,2020-12-31,1281.4846400436,27056.4218,-10.8229,spain
61,2021-12-31,1425.2765862829,30115.7059,5.1295,spain
0,1960-12-31,15.822585033576,2114.003,,sweden
1,1961-12-31,17.212686614573,2288.9217,5.6813,sweden
2,1962-12-31,18.667251380075,2468.6946,4.259,sweden
3,1963-12-31,20.204870629744,2657.0225,5.3279,sweden
4,1964-12-31,22.532416750013,2941.0489,6.8212,sweden
5,1965-12-31,24.795499685775,3206.0992,3.8215,sweden
6,1966-12-31,26.971486546285,3454.4298,2.0908,sweden
7,1967-12-31,29.275995674689,3720.9268,3.3654,sweden
8,1968-12-31,31.066819929285,3926.409,3.6385,sweden
9,1969-12-31,33.738102482156,4234.1613,5.0091,sweden
10,1970-12-31,38.09245206062,4736.2172,7.2892,sweden
11,1971-12-31,41.566412922609,5132.7116,0.9446,sweden
12,1972-12-31,48.954145808836,6027.1285,2.2887,sweden
13,1973-12-31,59.404966684221,7301.2154,3.968,sweden
14,1974-12-31,66.013338964725,8089.9146,3.1982,sweden
15,1975-12-31,82.885397620538,10117.3067,2.5529,sweden
16,1976-12-31,89.362071672903,10868.2758,1.0581,sweden
17,1977-12-31,94.468740851482,11448.6194,-1.5963,sweden
18,1978-12-31,104.44235122275,12620.5186,1.7515,sweden
19,1979-12-31,123.38641016072,14877.1643,3.84,sweden
20,1980-12-31,142.09206828069,17097.8327,1.7,sweden
21,1981-12-31,129.68693822333,15586.4301,0.4548,sweden
22,1982-12-31,114.38055773088,13738.9723,1.2487,sweden
23,1983-12-31,105.0143566668,12608.2292,1.9006,sweden
24,1984-12-31,109.2013625813,13099.0208,4.2295,sweden
25,1985-12-31,114.12353758179,13666.8577,2.1604,sweden
26,1986-12-31,150.49805772362,17981.0194,2.6913,sweden
27,1987-12-31,183.00963835089,21792.5589,3.3538,sweden
28,1988-12-31,206.98667450059,24534.6938,2.559,sweden
29,1989-12-31,217.94831562456,25662.2206,2.6548,sweden
30,1990-12-31,261.84619449888,30593.6724,0.7547,sweden
31,1991-12-31,274.2290343117,31822.8038,-1.146,sweden
32,1992-12-31,284.32111559463,32800.9827,-1.1586,sweden
33,1993-12-31,212.95333658812,24425.2849,-2.0656,sweden
34,1994-12-31,229.03356661483,26083.6144,3.93,sweden
35,1995-12-31,267.3058752611,30282.9639,3.9352,sweden
36,1996-12-31,291.74381151208,32998.9682,1.5795,sweden
37,1997-12-31,268.14614467773,30312.4876,3.0705,sweden
38,1998-12-31,270.80906678071,30596.5272,4.3118,sweden
39,1999-12-31,274.07218241673,30941.0794,4.2472,sweden
40,2000-12-31,262.83545436686,29624.9127,4.7663,sweden
41,2001-12-31,242.39585249441,27247.8577,1.4495,sweden
42,2002-12-31,266.84906183566,29899.1952,2.1969,sweden
43,2003-12-31,334.33721232208,37321.7979,2.3098,sweden
44,2004-12-31,385.11804487747,42821.6731,4.3369,sweden
45,2005-12-31,392.21808887878,43437.0631,2.8588,sweden
46,2006-12-31,423.09343742376,46593.6022,4.6628,sweden
47,2007-12-31,491.25258921702,53700.0053,3.4392,sweden
48,2008-12-31,517.7061492012,56152.5523,-0.4506,sweden
49,2009-12-31,436.53701429355,46946.9603,-4.3398,sweden
50,2010-12-31,495.81255884331,52869.0443,5.9521,sweden
51,2011-12-31,574.09411297273,60755.7596,3.1953,sweden
52,2012-12-31,552.4837272828,58037.8213,-0.5883,sweden
53,2013-12-31,586.84182179689,61126.9432,1.1878,sweden
54,2014-12-31,581.96401723709,60020.3605,2.6578,sweden
55,2015-12-31,505.10378134976,51545.4836,4.4893,sweden
56,2016-12-31,515.65467146955,51965.1572,2.0706,sweden
57,2017-12-31,541.0187497691,53791.5087,2.5679,sweden
58,2018-12-31,555.45537148709,54589.0604,1.95,sweden
59,2019-12-31,533.87952918845,51939.4297,1.9862,sweden
60,2020-12-31,541.48715147456,52300.2062,-2.9442,sweden
61,2021-12-31,627.43789888729,60238.9866,4.8006,sweden
0,1960-12-31,9.5227467192161,1787.3603,,switzerland
1,1961-12-31,10.712712465052,1971.3163,,switzerland
2,1962-12-31,11.879982758562,2131.3917,,switzerland
3,1963-12-31,13.063643795788,2294.1828,,switzerland
4,1964-12-31,14.480556571548,2501.2932,,switzerland
5,1965-12-31,15.346741669757,2620.4755,,switzerland
6,1966-12-31,16.480058704853,2784.7335,,switzerland
7,1967-12-31,17.74001317926,2960.7226,,switzerland
8,1968-12-31,18.9427297791,3121.889,,switzerland
9,1969-12-31,20.524886616479,3344.7836,,switzerland
10,1980-12-31,122.66090589008,19410.1894,,switzerland
11,1981-12-31,112.33919509215,17679.8689,1.6013,switzerland
12,1982-12-31,115.14010885091,18015.106,-1.3094,switzerland
13,1983-12-31,114.73075746749,17874.2507,0.6391,switzerland
14,1984-12-31,109.54735583266,17005.5342,3.0085,switzerland
15,1985-12-31,111.07364047047,17166.5185,3.6736,switzerland
16,1986-12-31,159.22370393018,24480.4226,1.8586,switzerland
17,1987-12-31,199.40391295601,30466.109,1.5855,switzerland
18,1988-12-31,215.72187863049,32717.9204,3.2776,switzerland
19,1989-12-31,208.28084846262,31334.9791,4.3308,switzerland
20,1990-12-31,265.9870616182,39607.8191,3.6746,switzerland
21,1991-12-31,269.12782078103,39577.7487,-0.9158,switzerland
22,1992-12-31,280.15681979804,40747.9255,-0.0437,switzerland
23,1993-12-31,272.46645844613,39270.1141,-0.126,switzerland
24,1994-12-31,301.62848943482,43128.0141,1.2698,switzerland
25,1995-12-31,353.13251501057,50155.9741,0.4809,switzerland
26,1996-12-31,340.47124190939,48144.5791,0.4939,switzerland
27,1997-12-31,295.12135671467,41631.4389,2.2692,switzerland
28,1998-12-31,303.88235411781,42740.1282,3.0653,switzerland
29,1999-12-31,298.52048062841,41786.2341,1.7455,switzerland
30,2000-12-31,279.84115170535,38952.0342,3.9764,switzerland
31,2001-12-31,287.22653116852,39727.8467,1.5758,switzerland
32,2002-12-31,310.17577248813,42578.7631,-0.0055,switzerland
33,2003-12-31,363.06329397787,49470.3971,-0.0468,switzerland
34,2004-12-31,405.53132127061,54878.471,2.8215,switzerland
35,2005-12-31,420.54494779955,56546.7857,2.8826,switzerland
36,2006-12-31,443.80190540756,59300.6172,4.015,switzerland
37,2007-12-31,493.53737670776,65359.5192,3.9957,switzerland
38,2008-12-31,570.30419721171,74572.2324,2.7555,switzerland
39,2009-12-31,558.19986857826,72083.1677,-2.0796,switzerland
40,2010-12-31,603.43449340268,77117.126,3.2681,switzerland
41,2011-12-31,722.03824213462,91254.0348,1.9204,switzerland
42,2012-12-31,692.10969398689,86547.6709,1.2172,switzerland
43,2013-12-31,712.74812422261,88109.4868,1.8217,switzerland
44,2014-12-31,734.39659103693,89684.7076,2.4468,switzerland
45,2015-12-31,702.1495807709,84776.1422,1.6578,switzerland
46,2016-12-31,695.60065289928,83073.2801,2.0452,switzerland
47,2017-12-31,704.47851696385,83352.0887,1.5848,switzerland
48,2018-12-31,735.53930155267,86388.405,2.9169,switzerland
49,2019-12-31,731.76739805288,85334.5195,1.211,switzerland
50,2020-12-31,752.24804573011,87100.4148,-2.3928,switzerland
51,2021-12-31,812.86692886747,93457.4404,3.6922,switzerland
0,1987-12-31,64.087694038233,1249.4432,,ukraine
1,1988-12-31,74.703517902664,1449.9625,2.5665,ukraine
2,1989-12-31,82.709161099124,1597.5347,3.8731,ukraine
3,1990-12-31,81.393558423441,1568.5366,-6.3452,ukraine
4,1991-12-31,77.350733982446,1487.4998,-8.7,ukraine
5,1992-12-31,73.945908383705,1417.9355,-9.9,ukraine
6,1993-12-31,65.607522123894,1257.3501,-14.2,ukraine
7,1994-12-31,52.543387167176,1011.9794,-22.9,ukraine
8,1995-12-31,48.214751923587,935.9761,-12.2,ukraine
9,1996-12-31,44.558075977043,872.6987,-10.0,ukraine
10,1997-12-31,50.150400171886,991.2204,-3.0,ukraine
11,1998-12-31,41.883241477853,835.251,-1.9,ukraine
12,1999-12-31,31.580960681774,635.7644,-0.2,ukraine
13,2000-12-31,32.375280320577,658.3486,5.9,ukraine
14,2001-12-31,39.309580983228,807.8019,8.8,ukraine
15,2002-12-31,43.95636991702,911.9111,5.3396,ukraine
16,2003-12-31,52.010238715848,1087.7856,9.5166,ukraine
17,2004-12-31,67.220154164317,1416.6038,11.7954,ukraine
18,2005-12-31,89.23937010947,1894.4708,3.0712,ukraine
19,2006-12-31,111.88475247525,2391.324,7.5714,ukraine
20,2007-12-31,148.73386138614,3197.9343,8.2158,ukraine
21,2008-12-31,188.11114064398,4066.5479,2.2435,ukraine
22,2009-12-31,121.55277749256,2639.3916,-15.1365,ukraine
23,2010-12-31,141.20986440849,3078.4299,4.092,ukraine
24,2011-12-31,169.33304884783,3704.825,5.4453,ukraine
25,2012-12-31,182.59241646853,4004.8044,0.1523,ukraine
26,2013-12-31,190.49881146003,4187.7397,0.0454,ukraine
27,2014-12-31,133.50341137574,3104.6433,-10.0789,ukraine
28,2015-12-31,91.030959454696,2124.6624,-9.773,ukraine
29,2016-12-31,93.355993628504,2187.7305,2.441,ukraine
30,2017-12-31,112.09053036854,2638.3262,2.36,ukraine
31,2018-12-31,130.89104979688,3096.5618,3.4884,ukraine
32,2019-12-31,153.88298201628,3661.4563,3.1995,ukraine
33,2020-12-31,156.61786144858,3751.7407,-3.7528,ukraine
34,2021-12-31,200.08553774435,4835.5718,3.4,ukraine
0,1960-12-31,73.233967692103,1397.5948,,united_kingdom
1,1961-12-31,77.741965703354,1472.3857,2.6771,united_kingdom
2,1962-12-31,81.247564156825,1525.7759,1.1029,united_kingdom
3,1963-12-31,86.561961812325,1613.4569,4.8744,united_kingdom
4,1964-12-31,94.407558351162,1748.2881,5.5337,united_kingdom
5,1965-12-31,101.82475507899,1873.5678,2.1422,united_kingdom
6,1966-12-31,108.57275210205,1986.7472,1.5731,united_kingdom
7,1967-12-31,113.11688821079,2058.7819,2.7865,united_kingdom
8,1968-12-31,107.75991006789,1951.7586,5.4411,united_kingdom
9,1969-12-31,116.46470280322,2100.6679,1.9241,united_kingdom
10,1970-12-31,130.6719462443,2347.5443,6.3179,united_kingdom
11,1971-12-31,148.11389632514,2649.8015,3.5047,united_kingdom
12,1972-12-31,169.96503496504,3030.4325,4.3217,united_kingdom
13,1973-12-31,192.53797158256,3426.2762,6.5238,united_kingdom
14,1974-12-31,206.13136979897,3665.8628,-2.4844,united_kingdom
15,1975-12-31,241.75663716814,4299.7456,-1.4736,united_kingdom
16,1976-12-31,232.61455525606,4138.1678,2.9103,united_kingdom
17,1977-12-31,263.06645735217,4681.4399,2.4578,united_kingdom
18,1978-12-31,335.88302972196,5976.9382,4.2043,united_kingdom
19,1979-12-31,438.99407030919,7804.7621,3.749,united_kingdom
20,1980-12-31,564.94771089937,10032.0621,-2.0314,united_kingdom
21,1981-12-31,540.76567524116,9599.3062,-0.7877,united_kingdom
22,1982-12-31,515.04891684137,9146.0774,1.9949,united_kingdom
23,1983-12-31,489.61800818554,8691.5188,4.2219,united_kingdom
24,1984-12-31,461.48709763235,8179.1944,2.2691,united_kingdom
25,1985-12-31,489.28516427105,8652.2165,4.1474,united_kingdom
26,1986-12-31,601.45265318089,10611.1122,3.1503,united_kingdom
27,1987-12-31,745.16260826933,13118.5865,5.3927,united_kingdom
28,1988-12-31,910.1227321238,15987.1681,5.7324,united_kingdom
29,1989-12-31,926.88481675393,16239.2822,2.5776,united_kingdom
30,1990-12-31,1093.1693892046,19095.467,0.7338,united_kingdom
31,1991-12-31,1142.7971781305,19900.7267,-1.1031,united_kingdom
32,1992-12-31,1179.6595296595,20487.1708,0.4011,united_kingdom
33,1993-12-31,1061.3887222555,18389.0196,2.4898,united_kingdom
34,1994-12-31,1140.4897459443,19709.2381,3.846,united_kingdom
35,1995-12-31,1346.4225974436,23206.5686,2.5317,united_kingdom
36,1996-12-31,1421.5148205928,24438.5312,2.4285,united_kingdom
37,1997-12-31,1559.5694171578,26742.9848,4.909,united_kingdom
38,1998-12-31,1653.3918516065,28269.3225,3.154,united_kingdom
39,1999-12-31,1685.7628215499,28726.8572,2.9901,united_kingdom
40,2000-12-31,1662.1274020275,28223.0676,3.6724,united_kingdom
41,2001-12-31,1643.9081617965,27806.4488,2.0727,united_kingdom
42,2002-12-31,1784.0767386091,30049.8963,2.1232,united_kingdom
43,2003-12-31,2057.093877551,34487.4676,3.0299,united_kingdom
44,2004-12-31,2421.8143537166,40371.7108,2.3556,united_kingdom
45,2005-12-31,2544.8290909091,42132.0907,2.5933,united_kingdom
46,2006-12-31,2717.0597976081,44654.0969,2.5841,united_kingdom
47,2007-12-31,3106.1824729892,50653.2569,2.2695,united_kingdom
48,2008-12-31,2938.8823529412,47549.3486,-0.2396,united_kingdom
49,2009-12-31,2425.7984109674,38952.211,-4.2474,united_kingdom
50,2010-12-31,2491.1100934542,39688.615,2.1314,united_kingdom
51,2011-12-31,2674.8914738438,42284.8845,1.4576,united_kingdom
52,2012-12-31,2719.1583410058,42686.8001,1.4699,united_kingdom
53,2013-12-31,2803.2914060299,43713.8141,1.89,united_kingdom
54,2014-12-31,3087.1656029629,47787.2413,2.9912,united_kingdom
55,2015-12-31,2956.5737787378,45404.5678,2.6226,united_kingdom
56,2016-12-31,2722.8519584862,41499.5557,2.2635,united_kingdom
57,2017-12-31,2699.0167151114,40857.7556,2.1345,united_kingdom
58,2018-12-31,2900.7914425541,43646.952,1.6509,united_kingdom
59,2019-12-31,2878.6739124144,43070.4984,1.6719,united_kingdom
60,2020-12-31,2756.9002141073,41098.0787,-9.2704,united_kingdom
61,2021-12-31,3186.859739185,47334.3553,7.4413,united_kingdom
